payment_id,currency,payment_status,payment_at,matured,blocked_id,gross_minor,fee_minor,refund_minor,expected_net_minor,settled_minor,settlement_count,min_currency,max_currency,first_settlement_at,variance_minor,reconciliation_status
P000002,,,,,P000002,0,0,0,0,32108,1,USD,USD,2026-09-03T12:00:00+00:00,32108,orphan_settlement
P000085,CAD,failed,2026-09-01T12:00:00+00:00,1,,12226,0,0,0,0,0,,,,0,not_applicable
P000935,CAD,failed,2026-09-01T12:00:00+00:00,1,,12506,0,0,0,0,0,,,,0,not_applicable
P000731,CAD,failed,2026-09-01T12:00:00+00:00,1,,12551,0,0,0,0,0,,,,0,not_applicable
P000952,CAD,failed,2026-09-01T12:00:00+00:00,1,,17426,0,0,0,0,0,,,,0,not_applicable
P000170,CAD,failed,2026-09-01T12:00:00+00:00,1,,18601,0,0,0,0,0,,,,0,not_applicable
P000493,CAD,failed,2026-09-01T12:00:00+00:00,1,,20476,0,0,0,0,0,,,,0,not_applicable
P000901,CAD,failed,2026-09-01T12:00:00+00:00,1,,22842,0,0,0,0,0,,,,0,not_applicable
P000748,CAD,failed,2026-09-01T12:00:00+00:00,1,,24218,0,0,0,0,0,,,,0,not_applicable
P000153,CAD,failed,2026-09-01T12:00:00+00:00,1,,32285,0,0,0,0,0,,,,0,not_applicable
P000527,CAD,failed,2026-09-01T12:00:00+00:00,1,,39452,0,0,0,0,0,,,,0,not_applicable
P000374,CAD,failed,2026-09-01T12:00:00+00:00,1,,41135,0,0,0,0,0,,,,0,not_applicable
P000765,CAD,failed,2026-09-01T12:00:00+00:00,1,,43143,0,0,0,0,0,,,,0,not_applicable
P000221,CAD,failed,2026-09-01T12:00:00+00:00,1,,46309,0,0,0,0,0,,,,0,not_applicable
P000816,CAD,failed,2026-09-01T12:00:00+00:00,1,,51052,0,0,0,0,0,,,,0,not_applicable
P000102,CAD,failed,2026-09-01T12:00:00+00:00,1,,5117,0,0,0,0,0,,,,0,not_applicable
P000289,CAD,failed,2026-09-01T12:00:00+00:00,1,,54424,0,0,0,0,0,,,,0,not_applicable
P000119,CAD,failed,2026-09-01T12:00:00+00:00,1,,71292,0,0,0,0,0,,,,0,not_applicable
P000884,CAD,failed,2026-09-01T12:00:00+00:00,1,,7265,0,0,0,0,0,,,,0,not_applicable
P000272,CAD,failed,2026-09-01T12:00:00+00:00,1,,72810,0,0,0,0,0,,,,0,not_applicable
P000476,CAD,failed,2026-09-01T12:00:00+00:00,1,,73384,0,0,0,0,0,,,,0,not_applicable
P000544,CAD,failed,2026-09-01T12:00:00+00:00,1,,84746,0,0,0,0,0,,,,0,not_applicable
P000068,CAD,failed,2026-09-01T12:00:00+00:00,1,,85012,0,0,0,0,0,,,,0,not_applicable
P000340,CAD,failed,2026-09-01T12:00:00+00:00,1,,87706,0,0,0,0,0,,,,0,not_applicable
P000238,CAD,failed,2026-09-01T12:00:00+00:00,1,,88153,0,0,0,0,0,,,,0,not_applicable
P000612,CAD,failed,2026-09-01T12:00:00+00:00,1,,8936,0,0,0,0,0,,,,0,not_applicable
P000578,CAD,failed,2026-09-01T12:00:00+00:00,1,,89647,0,0,0,0,0,,,,0,not_applicable
P000490,CAD,completed,2026-09-01T12:00:00+00:00,1,,1336,69,267,1000,1000,1,CAD,CAD,2026-09-03T12:00:00+00:00,0,matched
P000719,CAD,completed,2026-09-01T12:00:00+00:00,1,,10447,333,0,10114,10114,1,CAD,CAD,2026-09-03T12:00:00+00:00,0,matched
P000371,CAD,completed,2026-09-01T12:00:00+00:00,1,,13196,413,2639,10144,10144,1,CAD,CAD,2026-09-03T12:00:00+00:00,0,matched
P000542,CAD,completed,2026-09-01T12:00:00+00:00,1,,10681,340,0,10341,10341,1,CAD,CAD,2026-09-03T12:00:00+00:00,0,matched
P000906,CAD,completed,2026-09-01T12:00:00+00:00,1,,10835,344,0,10491,10491,1,CAD,CAD,2026-09-03T12:00:00+00:00,0,matched
P000123,CAD,completed,2026-09-01T12:00:00+00:00,1,,10880,346,0,10534,10534,1,CAD,CAD,2026-09-03T12:00:00+00:00,0,matched
P000964,CAD,completed,2026-09-01T12:00:00+00:00,1,,11336,359,0,10977,10977,1,CAD,CAD,2026-09-03T12:00:00+00:00,0,matched
P000893,CAD,completed,2026-09-01T12:00:00+00:00,1,,11345,359,0,10986,10986,1,CAD,CAD,2026-09-03T12:00:00+00:00,0,matched
P000533,CAD,completed,2026-09-01T12:00:00+00:00,1,,11350,359,0,10991,10991,1,CAD,CAD,2026-09-03T12:00:00+00:00,0,matched
P000336,CAD,completed,2026-09-01T12:00:00+00:00,1,,14356,446,2871,11039,11039,1,CAD,CAD,2026-09-03T12:00:00+00:00,0,matched
P000897,CAD,completed,2026-09-01T12:00:00+00:00,1,,11494,363,0,11131,11131,1,CAD,CAD,2026-09-03T12:00:00+00:00,0,matched
P000832,CAD,completed,2026-09-01T12:00:00+00:00,1,,11696,369,0,11327,11327,1,CAD,CAD,2026-09-03T12:00:00+00:00,0,matched
P000892,CAD,completed,2026-09-01T12:00:00+00:00,1,,11828,373,0,11455,11455,1,CAD,CAD,2026-09-03T12:00:00+00:00,0,matched
P000353,CAD,completed,2026-09-01T12:00:00+00:00,1,,12359,388,0,11971,11971,1,CAD,CAD,2026-09-03T12:00:00+00:00,0,matched
P000679,CAD,completed,2026-09-01T12:00:00+00:00,1,,16058,496,3211,12351,12351,1,CAD,CAD,2026-09-03T12:00:00+00:00,0,matched
P000580,CAD,completed,2026-09-01T12:00:00+00:00,1,,12836,402,0,12434,12434,1,CAD,CAD,2026-09-03T12:00:00+00:00,0,matched
P000451,CAD,completed,2026-09-01T12:00:00+00:00,1,,12959,406,0,12553,12553,1,CAD,CAD,2026-09-03T12:00:00+00:00,0,matched
P000179,CAD,completed,2026-09-01T12:00:00+00:00,1,,13097,410,0,12687,12687,1,CAD,CAD,2026-09-03T12:00:00+00:00,0,matched
P000018,CAD,completed,2026-09-01T12:00:00+00:00,1,,13156,412,0,12744,12744,1,CAD,CAD,2026-09-03T12:00:00+00:00,0,matched
P000780,CAD,completed,2026-09-01T12:00:00+00:00,1,,13387,418,0,12969,12969,1,CAD,CAD,2026-09-03T12:00:00+00:00,0,matched
P000019,CAD,completed,2026-09-01T12:00:00+00:00,1,,13676,427,0,13249,13249,1,CAD,CAD,2026-09-03T12:00:00+00:00,0,matched
P000966,CAD,completed,2026-09-01T12:00:00+00:00,1,,17406,535,3481,13390,13390,1,CAD,CAD,2026-09-03T12:00:00+00:00,0,matched
P000508,CAD,completed,2026-09-01T12:00:00+00:00,1,,14069,438,0,13631,13631,1,CAD,CAD,2026-09-03T12:00:00+00:00,0,matched
P000507,CAD,completed,2026-09-01T12:00:00+00:00,1,,14154,440,0,13714,13714,1,CAD,CAD,2026-09-03T12:00:00+00:00,0,matched
P000181,CAD,completed,2026-09-01T12:00:00+00:00,1,,1464,72,0,1392,1392,1,CAD,CAD,2026-09-03T12:00:00+00:00,0,matched
P000182,CAD,completed,2026-09-01T12:00:00+00:00,1,,18146,556,3629,13961,13961,1,CAD,CAD,2026-09-03T12:00:00+00:00,0,matched
P000768,CAD,completed,2026-09-01T12:00:00+00:00,1,,14566,452,0,14114,14114,1,CAD,CAD,2026-09-03T12:00:00+00:00,0,matched
P000056,CAD,completed,2026-09-01T12:00:00+00:00,1,,19131,585,3826,14720,14720,1,CAD,CAD,2026-09-03T12:00:00+00:00,0,matched
P000705,CAD,completed,2026-09-01T12:00:00+00:00,1,,15534,480,0,15054,15054,1,CAD,CAD,2026-09-03T12:00:00+00:00,0,matched
P000844,CAD,completed,2026-09-01T12:00:00+00:00,1,,15573,482,0,15091,15091,1,CAD,CAD,2026-09-03T12:00:00+00:00,0,matched
P000069,CAD,completed,2026-09-01T12:00:00+00:00,1,,15621,483,0,15138,15138,1,CAD,CAD,2026-09-03T12:00:00+00:00,0,matched
P000081,CAD,completed,2026-09-01T12:00:00+00:00,1,,15662,484,0,15178,15178,1,CAD,CAD,2026-09-03T12:00:00+00:00,0,matched
P000478,CAD,completed,2026-09-01T12:00:00+00:00,1,,15871,490,0,15381,15381,1,CAD,CAD,2026-09-03T12:00:00+00:00,0,matched
P000575,CAD,completed,2026-09-01T12:00:00+00:00,1,,16095,497,0,15598,15598,1,CAD,CAD,2026-09-03T12:00:00+00:00,0,matched
P000407,CAD,completed,2026-09-01T12:00:00+00:00,1,,16525,509,0,16016,16016,1,CAD,CAD,2026-09-03T12:00:00+00:00,0,matched
P000077,CAD,completed,2026-09-01T12:00:00+00:00,1,,21032,640,4206,16186,16186,1,CAD,CAD,2026-09-03T12:00:00+00:00,0,matched
P000267,CAD,completed,2026-09-01T12:00:00+00:00,1,,16906,520,0,16386,16386,1,CAD,CAD,2026-09-03T12:00:00+00:00,0,matched
P000614,CAD,completed,2026-09-01T12:00:00+00:00,1,,17011,523,0,16488,16488,1,CAD,CAD,2026-09-03T12:00:00+00:00,0,matched
P000693,CAD,completed,2026-09-01T12:00:00+00:00,1,,21631,657,4326,16648,16648,1,CAD,CAD,2026-09-03T12:00:00+00:00,0,matched
P000273,CAD,completed,2026-09-01T12:00:00+00:00,1,,21861,664,4372,16825,16825,1,CAD,CAD,2026-09-03T12:00:00+00:00,0,matched
P000455,CAD,completed,2026-09-01T12:00:00+00:00,1,,22079,670,4415,16994,16994,1,CAD,CAD,2026-09-03T12:00:00+00:00,0,matched
P000506,CAD,completed,2026-09-01T12:00:00+00:00,1,,17547,539,0,17008,17008,1,CAD,CAD,2026-09-03T12:00:00+00:00,0,matched
P000633,CAD,completed,2026-09-01T12:00:00+00:00,1,,17614,541,0,17073,17073,1,CAD,CAD,2026-09-03T12:00:00+00:00,0,matched
P000087,CAD,completed,2026-09-01T12:00:00+00:00,1,,17828,547,0,17281,17281,1,CAD,CAD,2026-09-03T12:00:00+00:00,0,matched
P000957,CAD,completed,2026-09-01T12:00:00+00:00,1,,17912,549,0,17363,17363,1,CAD,CAD,2026-09-03T12:00:00+00:00,0,matched
P000625,CAD,completed,2026-09-01T12:00:00+00:00,1,,18038,553,0,17485,17485,1,CAD,CAD,2026-09-03T12:00:00+00:00,0,matched
P000570,CAD,completed,2026-09-01T12:00:00+00:00,1,,18322,561,0,17761,17761,1,CAD,CAD,2026-09-03T12:00:00+00:00,0,matched
P000162,CAD,completed,2026-09-01T12:00:00+00:00,1,,18361,562,0,17799,17799,1,CAD,CAD,2026-09-03T12:00:00+00:00,0,matched
P000268,CAD,completed,2026-09-01T12:00:00+00:00,1,,18477,566,0,17911,17911,1,CAD,CAD,2026-09-03T12:00:00+00:00,0,matched
P000309,CAD,completed,2026-09-01T12:00:00+00:00,1,,18786,575,0,18211,18211,1,CAD,CAD,2026-09-03T12:00:00+00:00,0,matched
P000712,CAD,completed,2026-09-01T12:00:00+00:00,1,,18987,581,0,18406,18406,1,CAD,CAD,2026-09-03T12:00:00+00:00,0,matched
P000120,CAD,completed,2026-09-01T12:00:00+00:00,1,,19373,592,0,18781,18781,1,CAD,CAD,2026-09-03T12:00:00+00:00,0,matched
P000050,CAD,completed,2026-09-01T12:00:00+00:00,1,,19726,602,0,19124,19124,1,CAD,CAD,2026-09-03T12:00:00+00:00,0,matched
P000687,CAD,completed,2026-09-01T12:00:00+00:00,1,,19776,604,0,19172,19172,1,CAD,CAD,2026-09-03T12:00:00+00:00,0,matched
P000744,CAD,completed,2026-09-01T12:00:00+00:00,1,,20194,616,0,19578,19578,1,CAD,CAD,2026-09-03T12:00:00+00:00,0,matched
P000889,CAD,completed,2026-09-01T12:00:00+00:00,1,,25486,769,5097,19620,19620,1,CAD,CAD,2026-09-03T12:00:00+00:00,0,matched
P000843,CAD,completed,2026-09-01T12:00:00+00:00,1,,20597,627,0,19970,19970,1,CAD,CAD,2026-09-03T12:00:00+00:00,0,matched
P000752,CAD,completed,2026-09-01T12:00:00+00:00,1,,20786,633,0,20153,20153,1,CAD,CAD,2026-09-03T12:00:00+00:00,0,matched
P000676,CAD,completed,2026-09-01T12:00:00+00:00,1,,21280,647,0,20633,20633,1,CAD,CAD,2026-09-03T12:00:00+00:00,0,matched
P000165,CAD,completed,2026-09-01T12:00:00+00:00,1,,21676,659,0,21017,21017,1,CAD,CAD,2026-09-03T12:00:00+00:00,0,matched
P000983,CAD,completed,2026-09-01T12:00:00+00:00,1,,21719,660,0,21059,21059,1,CAD,CAD,2026-09-03T12:00:00+00:00,0,matched
P000158,CAD,completed,2026-09-01T12:00:00+00:00,1,,2220,94,0,2126,2126,1,CAD,CAD,2026-09-03T12:00:00+00:00,0,matched
P000824,CAD,completed,2026-09-01T12:00:00+00:00,1,,22012,668,0,21344,21344,1,CAD,CAD,2026-09-03T12:00:00+00:00,0,matched
P000581,CAD,completed,2026-09-01T12:00:00+00:00,1,,2824,112,564,2148,2148,1,CAD,CAD,2026-09-03T12:00:00+00:00,0,matched
P000183,CAD,completed,2026-09-01T12:00:00+00:00,1,,22178,673,0,21505,21505,1,CAD,CAD,2026-09-03T12:00:00+00:00,0,matched
P000961,CAD,completed,2026-09-01T12:00:00+00:00,1,,22229,675,0,21554,21554,1,CAD,CAD,2026-09-03T12:00:00+00:00,0,matched
P000033,CAD,completed,2026-09-01T12:00:00+00:00,1,,22319,677,0,21642,21642,1,CAD,CAD,2026-09-03T12:00:00+00:00,0,matched
P000039,CAD,completed,2026-09-01T12:00:00+00:00,1,,22417,680,0,21737,21737,1,CAD,CAD,2026-09-03T12:00:00+00:00,0,matched
P000331,CAD,completed,2026-09-01T12:00:00+00:00,1,,22465,681,0,21784,21784,1,CAD,CAD,2026-09-03T12:00:00+00:00,0,matched
P000572,CAD,completed,2026-09-01T12:00:00+00:00,1,,22567,684,0,21883,21883,1,CAD,CAD,2026-09-03T12:00:00+00:00,0,matched
P000432,CAD,completed,2026-09-01T12:00:00+00:00,1,,22747,690,0,22057,22057,1,CAD,CAD,2026-09-03T12:00:00+00:00,0,matched
P000127,CAD,completed,2026-09-01T12:00:00+00:00,1,,22798,691,0,22107,22107,1,CAD,CAD,2026-09-03T12:00:00+00:00,0,matched
P000970,CAD,completed,2026-09-01T12:00:00+00:00,1,,23439,710,0,22729,22729,1,CAD,CAD,2026-09-03T12:00:00+00:00,0,matched
P000446,CAD,completed,2026-09-01T12:00:00+00:00,1,,23962,725,0,23237,23237,1,CAD,CAD,2026-09-03T12:00:00+00:00,0,matched
P000265,CAD,completed,2026-09-01T12:00:00+00:00,1,,24053,728,0,23325,23325,1,CAD,CAD,2026-09-03T12:00:00+00:00,0,matched
P000199,CAD,completed,2026-09-01T12:00:00+00:00,1,,24206,732,0,23474,23474,1,CAD,CAD,2026-09-03T12:00:00+00:00,0,matched
P000359,CAD,completed,2026-09-01T12:00:00+00:00,1,,24834,750,0,24084,24084,1,CAD,CAD,2026-09-03T12:00:00+00:00,0,matched
P000121,CAD,completed,2026-09-01T12:00:00+00:00,1,,25050,756,0,24294,24294,1,CAD,CAD,2026-09-03T12:00:00+00:00,0,matched
P000465,CAD,completed,2026-09-01T12:00:00+00:00,1,,25586,772,0,24814,24814,1,CAD,CAD,2026-09-03T12:00:00+00:00,0,matched
P000847,CAD,completed,2026-09-01T12:00:00+00:00,1,,32252,965,6450,24837,24837,1,CAD,CAD,2026-09-03T12:00:00+00:00,0,matched
P000237,CAD,completed,2026-09-01T12:00:00+00:00,1,,26144,788,0,25356,25356,1,CAD,CAD,2026-09-03T12:00:00+00:00,0,matched
P000342,CAD,completed,2026-09-01T12:00:00+00:00,1,,2658,107,0,2551,2551,1,CAD,CAD,2026-09-03T12:00:00+00:00,0,matched
P000813,CAD,completed,2026-09-01T12:00:00+00:00,1,,26430,796,0,25634,25634,1,CAD,CAD,2026-09-03T12:00:00+00:00,0,matched
P000965,CAD,completed,2026-09-01T12:00:00+00:00,1,,26729,805,0,25924,25924,1,CAD,CAD,2026-09-03T12:00:00+00:00,0,matched
P000547,CAD,completed,2026-09-01T12:00:00+00:00,1,,27111,816,0,26295,26295,1,CAD,CAD,2026-09-03T12:00:00+00:00,0,matched
P000207,CAD,completed,2026-09-01T12:00:00+00:00,1,,27158,818,0,26340,26340,1,CAD,CAD,2026-09-03T12:00:00+00:00,0,matched
P000176,CAD,completed,2026-09-01T12:00:00+00:00,1,,27685,833,0,26852,26852,1,CAD,CAD,2026-09-03T12:00:00+00:00,0,matched
P000292,CAD,completed,2026-09-01T12:00:00+00:00,1,,28110,845,0,27265,27265,1,CAD,CAD,2026-09-03T12:00:00+00:00,0,matched
P000243,CAD,completed,2026-09-01T12:00:00+00:00,1,,28549,858,0,27691,27691,1,CAD,CAD,2026-09-03T12:00:00+00:00,0,matched
P000360,CAD,completed,2026-09-01T12:00:00+00:00,1,,28802,865,0,27937,27937,1,CAD,CAD,2026-09-03T12:00:00+00:00,0,matched
P000048,CAD,completed,2026-09-01T12:00:00+00:00,1,,28869,867,0,28002,28002,1,CAD,CAD,2026-09-03T12:00:00+00:00,0,matched
P000378,CAD,completed,2026-09-01T12:00:00+00:00,1,,36509,1089,7301,28119,28119,1,CAD,CAD,2026-09-03T12:00:00+00:00,0,matched
P000129,CAD,completed,2026-09-01T12:00:00+00:00,1,,29016,871,0,28145,28145,1,CAD,CAD,2026-09-03T12:00:00+00:00,0,matched
P000795,CAD,completed,2026-09-01T12:00:00+00:00,1,,29074,873,0,28201,28201,1,CAD,CAD,2026-09-03T12:00:00+00:00,0,matched
P000929,CAD,completed,2026-09-01T12:00:00+00:00,1,,29124,875,0,28249,28249,1,CAD,CAD,2026-09-03T12:00:00+00:00,0,matched
P000607,CAD,completed,2026-09-01T12:00:00+00:00,1,,29477,885,0,28592,28592,1,CAD,CAD,2026-09-03T12:00:00+00:00,0,matched
P000385,CAD,completed,2026-09-01T12:00:00+00:00,1,,37241,1110,7448,28683,28683,1,CAD,CAD,2026-09-03T12:00:00+00:00,0,matched
P000315,CAD,completed,2026-09-01T12:00:00+00:00,1,,37471,1117,7494,28860,28860,1,CAD,CAD,2026-09-03T12:00:00+00:00,0,matched
P000011,CAD,completed,2026-09-01T12:00:00+00:00,1,,29893,897,0,28996,28996,1,CAD,CAD,2026-09-03T12:00:00+00:00,0,matched
P000737,CAD,completed,2026-09-01T12:00:00+00:00,1,,30041,901,0,29140,29140,1,CAD,CAD,2026-09-03T12:00:00+00:00,0,matched
P000372,CAD,completed,2026-09-01T12:00:00+00:00,1,,30045,901,0,29144,29144,1,CAD,CAD,2026-09-03T12:00:00+00:00,0,matched
P000827,CAD,completed,2026-09-01T12:00:00+00:00,1,,30102,903,0,29199,29199,1,CAD,CAD,2026-09-03T12:00:00+00:00,0,matched
P000553,CAD,completed,2026-09-01T12:00:00+00:00,1,,3875,142,775,2958,2958,1,CAD,CAD,2026-09-03T12:00:00+00:00,0,matched
P000655,CAD,completed,2026-09-01T12:00:00+00:00,1,,30949,928,0,30021,30021,1,CAD,CAD,2026-09-03T12:00:00+00:00,0,matched
P000285,CAD,completed,2026-09-01T12:00:00+00:00,1,,31311,938,0,30373,30373,1,CAD,CAD,2026-09-03T12:00:00+00:00,0,matched
P000422,CAD,completed,2026-09-01T12:00:00+00:00,1,,31340,939,0,30401,30401,1,CAD,CAD,2026-09-03T12:00:00+00:00,0,matched
P000536,CAD,completed,2026-09-01T12:00:00+00:00,1,,31433,942,0,30491,30491,1,CAD,CAD,2026-09-03T12:00:00+00:00,0,matched
P000622,CAD,completed,2026-09-01T12:00:00+00:00,1,,31539,945,0,30594,30594,1,CAD,CAD,2026-09-03T12:00:00+00:00,0,matched
P000500,CAD,completed,2026-09-01T12:00:00+00:00,1,,31613,947,0,30666,30666,1,CAD,CAD,2026-09-03T12:00:00+00:00,0,matched
P000281,CAD,completed,2026-09-01T12:00:00+00:00,1,,31735,950,0,30785,30785,1,CAD,CAD,2026-09-03T12:00:00+00:00,0,matched
P000519,CAD,completed,2026-09-01T12:00:00+00:00,1,,31771,951,0,30820,30820,1,CAD,CAD,2026-09-03T12:00:00+00:00,0,matched
P000831,CAD,completed,2026-09-01T12:00:00+00:00,1,,31903,955,0,30948,30948,1,CAD,CAD,2026-09-03T12:00:00+00:00,0,matched
P000549,CAD,completed,2026-09-01T12:00:00+00:00,1,,32091,961,0,31130,31130,1,CAD,CAD,2026-09-03T12:00:00+00:00,0,matched
P000845,CAD,completed,2026-09-01T12:00:00+00:00,1,,32147,962,0,31185,31185,1,CAD,CAD,2026-09-03T12:00:00+00:00,0,matched
P000855,CAD,completed,2026-09-01T12:00:00+00:00,1,,32531,973,0,31558,31558,1,CAD,CAD,2026-09-03T12:00:00+00:00,0,matched
P000107,CAD,completed,2026-09-01T12:00:00+00:00,1,,32850,983,0,31867,31867,1,CAD,CAD,2026-09-03T12:00:00+00:00,0,matched
P000812,CAD,completed,2026-09-01T12:00:00+00:00,1,,41562,1235,8312,32015,32015,1,CAD,CAD,2026-09-03T12:00:00+00:00,0,matched
P000987,CAD,completed,2026-09-01T12:00:00+00:00,1,,41970,1247,8394,32329,32329,1,CAD,CAD,2026-09-03T12:00:00+00:00,0,matched
P000793,CAD,completed,2026-09-01T12:00:00+00:00,1,,3389,128,0,3261,3261,1,CAD,CAD,2026-09-03T12:00:00+00:00,0,matched
P000400,CAD,completed,2026-09-01T12:00:00+00:00,1,,34092,1019,0,33073,33073,1,CAD,CAD,2026-09-03T12:00:00+00:00,0,matched
P000361,CAD,completed,2026-09-01T12:00:00+00:00,1,,34862,1041,0,33821,33821,1,CAD,CAD,2026-09-03T12:00:00+00:00,0,matched
P000311,CAD,completed,2026-09-01T12:00:00+00:00,1,,35099,1048,0,34051,34051,1,CAD,CAD,2026-09-03T12:00:00+00:00,0,matched
P000927,CAD,completed,2026-09-01T12:00:00+00:00,1,,35311,1054,0,34257,34257,1,CAD,CAD,2026-09-03T12:00:00+00:00,0,matched
P000512,CAD,completed,2026-09-01T12:00:00+00:00,1,,35737,1066,0,34671,34671,1,CAD,CAD,2026-09-03T12:00:00+00:00,0,matched
P000089,CAD,completed,2026-09-01T12:00:00+00:00,1,,35741,1066,0,34675,34675,1,CAD,CAD,2026-09-03T12:00:00+00:00,0,matched
P000993,CAD,completed,2026-09-01T12:00:00+00:00,1,,36058,1076,0,34982,34982,1,CAD,CAD,2026-09-03T12:00:00+00:00,0,matched
P000699,CAD,completed,2026-09-01T12:00:00+00:00,1,,36665,1093,0,35572,35572,1,CAD,CAD,2026-09-03T12:00:00+00:00,0,matched
P000437,CAD,completed,2026-09-01T12:00:00+00:00,1,,36683,1094,0,35589,35589,1,CAD,CAD,2026-09-03T12:00:00+00:00,0,matched
P000173,CAD,completed,2026-09-01T12:00:00+00:00,1,,36697,1094,0,35603,35603,1,CAD,CAD,2026-09-03T12:00:00+00:00,0,matched
P000300,CAD,completed,2026-09-01T12:00:00+00:00,1,,36774,1096,0,35678,35678,1,CAD,CAD,2026-09-03T12:00:00+00:00,0,matched
P000684,CAD,completed,2026-09-01T12:00:00+00:00,1,,36818,1098,0,35720,35720,1,CAD,CAD,2026-09-03T12:00:00+00:00,0,matched
P000279,CAD,completed,2026-09-01T12:00:00+00:00,1,,36992,1103,0,35889,35889,1,CAD,CAD,2026-09-03T12:00:00+00:00,0,matched
P000649,CAD,completed,2026-09-01T12:00:00+00:00,1,,37046,1104,0,35942,35942,1,CAD,CAD,2026-09-03T12:00:00+00:00,0,matched
P000868,CAD,completed,2026-09-01T12:00:00+00:00,1,,47176,1398,9435,36343,36343,1,CAD,CAD,2026-09-03T12:00:00+00:00,0,matched
P000104,CAD,completed,2026-09-01T12:00:00+00:00,1,,37500,1118,0,36382,36382,1,CAD,CAD,2026-09-03T12:00:00+00:00,0,matched
P000213,CAD,completed,2026-09-01T12:00:00+00:00,1,,37585,1120,0,36465,36465,1,CAD,CAD,2026-09-03T12:00:00+00:00,0,matched
P000196,CAD,completed,2026-09-01T12:00:00+00:00,1,,47357,1403,9471,36483,36483,1,CAD,CAD,2026-09-03T12:00:00+00:00,0,matched
P000362,CAD,completed,2026-09-01T12:00:00+00:00,1,,37655,1122,0,36533,36533,1,CAD,CAD,2026-09-03T12:00:00+00:00,0,matched
P000775,CAD,completed,2026-09-01T12:00:00+00:00,1,,38079,1134,0,36945,36945,1,CAD,CAD,2026-09-03T12:00:00+00:00,0,matched
P000250,CAD,completed,2026-09-01T12:00:00+00:00,1,,38196,1138,0,37058,37058,1,CAD,CAD,2026-09-03T12:00:00+00:00,0,matched
P000781,CAD,completed,2026-09-01T12:00:00+00:00,1,,38243,1139,0,37104,37104,1,CAD,CAD,2026-09-03T12:00:00+00:00,0,matched
P000945,CAD,completed,2026-09-01T12:00:00+00:00,1,,48303,1431,9660,37212,37212,1,CAD,CAD,2026-09-03T12:00:00+00:00,0,matched
P000883,CAD,completed,2026-09-01T12:00:00+00:00,1,,38501,1147,0,37354,37354,1,CAD,CAD,2026-09-03T12:00:00+00:00,0,matched
P000673,CAD,completed,2026-09-01T12:00:00+00:00,1,,38700,1152,0,37548,37548,1,CAD,CAD,2026-09-03T12:00:00+00:00,0,matched
P000470,CAD,completed,2026-09-01T12:00:00+00:00,1,,38752,1154,0,37598,37598,1,CAD,CAD,2026-09-03T12:00:00+00:00,0,matched
P000457,CAD,completed,2026-09-01T12:00:00+00:00,1,,38777,1155,0,37622,37622,1,CAD,CAD,2026-09-03T12:00:00+00:00,0,matched
P000713,CAD,completed,2026-09-01T12:00:00+00:00,1,,38938,1159,0,37779,37779,1,CAD,CAD,2026-09-03T12:00:00+00:00,0,matched
P000996,CAD,completed,2026-09-01T12:00:00+00:00,1,,39038,1162,0,37876,37876,1,CAD,CAD,2026-09-03T12:00:00+00:00,0,matched
P000853,CAD,completed,2026-09-01T12:00:00+00:00,1,,39177,1166,0,38011,38011,1,CAD,CAD,2026-09-03T12:00:00+00:00,0,matched
P000917,CAD,completed,2026-09-01T12:00:00+00:00,1,,49623,1469,9924,38230,38230,1,CAD,CAD,2026-09-03T12:00:00+00:00,0,matched
P000861,CAD,completed,2026-09-01T12:00:00+00:00,1,,49929,1478,9985,38466,38466,1,CAD,CAD,2026-09-03T12:00:00+00:00,0,matched
P000411,CAD,completed,2026-09-01T12:00:00+00:00,1,,39974,1189,0,38785,38785,1,CAD,CAD,2026-09-03T12:00:00+00:00,0,matched
P000981,CAD,completed,2026-09-01T12:00:00+00:00,1,,39985,1190,0,38795,38795,1,CAD,CAD,2026-09-03T12:00:00+00:00,0,matched
P000242,CAD,completed,2026-09-01T12:00:00+00:00,1,,40829,1214,0,39615,39615,1,CAD,CAD,2026-09-03T12:00:00+00:00,0,matched
P000597,CAD,completed,2026-09-01T12:00:00+00:00,1,,40893,1216,0,39677,39677,1,CAD,CAD,2026-09-03T12:00:00+00:00,0,matched
P000899,CAD,completed,2026-09-01T12:00:00+00:00,1,,41173,1224,0,39949,39949,1,CAD,CAD,2026-09-03T12:00:00+00:00,0,matched
P000564,CAD,completed,2026-09-01T12:00:00+00:00,1,,41492,1233,0,40259,40259,1,CAD,CAD,2026-09-03T12:00:00+00:00,0,matched
P000788,CAD,completed,2026-09-01T12:00:00+00:00,1,,41577,1236,0,40341,40341,1,CAD,CAD,2026-09-03T12:00:00+00:00,0,matched
P000757,CAD,completed,2026-09-01T12:00:00+00:00,1,,41685,1239,0,40446,40446,1,CAD,CAD,2026-09-03T12:00:00+00:00,0,matched
P000694,CAD,completed,2026-09-01T12:00:00+00:00,1,,41846,1244,0,40602,40602,1,CAD,CAD,2026-09-03T12:00:00+00:00,0,matched
P000333,CAD,completed,2026-09-01T12:00:00+00:00,1,,41888,1245,0,40643,40643,1,CAD,CAD,2026-09-03T12:00:00+00:00,0,matched
P000660,CAD,completed,2026-09-01T12:00:00+00:00,1,,41963,1247,0,40716,40716,1,CAD,CAD,2026-09-03T12:00:00+00:00,0,matched
P000659,CAD,completed,2026-09-01T12:00:00+00:00,1,,41966,1247,0,40719,40719,1,CAD,CAD,2026-09-03T12:00:00+00:00,0,matched
P000049,CAD,completed,2026-09-01T12:00:00+00:00,1,,52856,1563,10571,40722,40722,1,CAD,CAD,2026-09-03T12:00:00+00:00,0,matched
P000735,CAD,completed,2026-09-01T12:00:00+00:00,1,,52873,1563,10574,40736,40736,1,CAD,CAD,2026-09-03T12:00:00+00:00,0,matched
P000723,CAD,completed,2026-09-01T12:00:00+00:00,1,,42033,1249,0,40784,40784,1,CAD,CAD,2026-09-03T12:00:00+00:00,0,matched
P000460,CAD,completed,2026-09-01T12:00:00+00:00,1,,42224,1254,0,40970,40970,1,CAD,CAD,2026-09-03T12:00:00+00:00,0,matched
P000878,CAD,completed,2026-09-01T12:00:00+00:00,1,,42365,1259,0,41106,41106,1,CAD,CAD,2026-09-03T12:00:00+00:00,0,matched
P000001,CAD,completed,2026-09-01T12:00:00+00:00,1,,4278,154,0,4124,4124,1,CAD,CAD,2026-09-03T12:00:00+00:00,0,matched
P000516,CAD,completed,2026-09-01T12:00:00+00:00,1,,42505,1263,0,41242,41242,1,CAD,CAD,2026-09-03T12:00:00+00:00,0,matched
P000112,CAD,completed,2026-09-01T12:00:00+00:00,1,,54883,1622,10976,42285,42285,1,CAD,CAD,2026-09-03T12:00:00+00:00,0,matched
P000234,CAD,completed,2026-09-01T12:00:00+00:00,1,,43753,1299,0,42454,42454,1,CAD,CAD,2026-09-03T12:00:00+00:00,0,matched
P000568,CAD,completed,2026-09-01T12:00:00+00:00,1,,43823,1301,0,42522,42522,1,CAD,CAD,2026-09-03T12:00:00+00:00,0,matched
P000999,CAD,completed,2026-09-01T12:00:00+00:00,1,,43917,1304,0,42613,42613,1,CAD,CAD,2026-09-03T12:00:00+00:00,0,matched
P000515,CAD,completed,2026-09-01T12:00:00+00:00,1,,44065,1308,0,42757,42757,1,CAD,CAD,2026-09-03T12:00:00+00:00,0,matched
P000453,CAD,completed,2026-09-01T12:00:00+00:00,1,,44687,1326,0,43361,43361,1,CAD,CAD,2026-09-03T12:00:00+00:00,0,matched
P000282,CAD,completed,2026-09-01T12:00:00+00:00,1,,45020,1336,0,43684,43684,1,CAD,CAD,2026-09-03T12:00:00+00:00,0,matched
P000314,CAD,completed,2026-09-01T12:00:00+00:00,1,,45236,1342,0,43894,43894,1,CAD,CAD,2026-09-03T12:00:00+00:00,0,matched
P000656,CAD,completed,2026-09-01T12:00:00+00:00,1,,45424,1347,0,44077,44077,1,CAD,CAD,2026-09-03T12:00:00+00:00,0,matched
P000685,CAD,completed,2026-09-01T12:00:00+00:00,1,,45541,1351,0,44190,44190,1,CAD,CAD,2026-09-03T12:00:00+00:00,0,matched
P000015,CAD,completed,2026-09-01T12:00:00+00:00,1,,45597,1352,0,44245,44245,1,CAD,CAD,2026-09-03T12:00:00+00:00,0,matched
P000020,CAD,completed,2026-09-01T12:00:00+00:00,1,,46082,1366,0,44716,44716,1,CAD,CAD,2026-09-03T12:00:00+00:00,0,matched
P000875,CAD,completed,2026-09-01T12:00:00+00:00,1,,5847,200,1169,4478,4478,1,CAD,CAD,2026-09-03T12:00:00+00:00,0,matched
P000495,CAD,completed,2026-09-01T12:00:00+00:00,1,,46236,1371,0,44865,44865,1,CAD,CAD,2026-09-03T12:00:00+00:00,0,matched
P000704,CAD,completed,2026-09-01T12:00:00+00:00,1,,46242,1371,0,44871,44871,1,CAD,CAD,2026-09-03T12:00:00+00:00,0,matched
P000543,CAD,completed,2026-09-01T12:00:00+00:00,1,,46293,1372,0,44921,44921,1,CAD,CAD,2026-09-03T12:00:00+00:00,0,matched
P000963,CAD,completed,2026-09-01T12:00:00+00:00,1,,46353,1374,0,44979,44979,1,CAD,CAD,2026-09-03T12:00:00+00:00,0,matched
P000339,CAD,completed,2026-09-01T12:00:00+00:00,1,,46508,1379,0,45129,45129,1,CAD,CAD,2026-09-03T12:00:00+00:00,0,matched
P000452,CAD,completed,2026-09-01T12:00:00+00:00,1,,46607,1382,0,45225,45225,1,CAD,CAD,2026-09-03T12:00:00+00:00,0,matched
P000741,CAD,completed,2026-09-01T12:00:00+00:00,1,,46793,1387,0,45406,45406,1,CAD,CAD,2026-09-03T12:00:00+00:00,0,matched
P000208,CAD,completed,2026-09-01T12:00:00+00:00,1,,46830,1388,0,45442,45442,1,CAD,CAD,2026-09-03T12:00:00+00:00,0,matched
P000785,CAD,completed,2026-09-01T12:00:00+00:00,1,,46851,1389,0,45462,45462,1,CAD,CAD,2026-09-03T12:00:00+00:00,0,matched
P000678,CAD,completed,2026-09-01T12:00:00+00:00,1,,46890,1390,0,45500,45500,1,CAD,CAD,2026-09-03T12:00:00+00:00,0,matched
P000902,CAD,completed,2026-09-01T12:00:00+00:00,1,,47077,1395,0,45682,45682,1,CAD,CAD,2026-09-03T12:00:00+00:00,0,matched
P000296,CAD,completed,2026-09-01T12:00:00+00:00,1,,47105,1396,0,45709,45709,1,CAD,CAD,2026-09-03T12:00:00+00:00,0,matched
P000377,CAD,completed,2026-09-01T12:00:00+00:00,1,,47112,1396,0,45716,45716,1,CAD,CAD,2026-09-03T12:00:00+00:00,0,matched
P000111,CAD,completed,2026-09-01T12:00:00+00:00,1,,47438,1406,0,46032,46032,1,CAD,CAD,2026-09-03T12:00:00+00:00,0,matched
P000651,CAD,completed,2026-09-01T12:00:00+00:00,1,,60469,1784,12093,46592,46592,1,CAD,CAD,2026-09-03T12:00:00+00:00,0,matched
P000133,CAD,completed,2026-09-01T12:00:00+00:00,1,,60638,1789,12127,46722,46722,1,CAD,CAD,2026-09-03T12:00:00+00:00,0,matched
P000497,CAD,completed,2026-09-01T12:00:00+00:00,1,,60682,1790,12136,46756,46756,1,CAD,CAD,2026-09-03T12:00:00+00:00,0,matched
P000546,CAD,completed,2026-09-01T12:00:00+00:00,1,,60878,1795,12175,46908,46908,1,CAD,CAD,2026-09-03T12:00:00+00:00,0,matched
P000913,CAD,completed,2026-09-01T12:00:00+00:00,1,,48467,1436,0,47031,47031,1,CAD,CAD,2026-09-03T12:00:00+00:00,0,matched
P000774,CAD,completed,2026-09-01T12:00:00+00:00,1,,48696,1442,0,47254,47254,1,CAD,CAD,2026-09-03T12:00:00+00:00,0,matched
P000227,CAD,completed,2026-09-01T12:00:00+00:00,1,,48739,1443,0,47296,47296,1,CAD,CAD,2026-09-03T12:00:00+00:00,0,matched
P000749,CAD,completed,2026-09-01T12:00:00+00:00,1,,61811,1823,12362,47626,47626,1,CAD,CAD,2026-09-03T12:00:00+00:00,0,matched
P000891,CAD,completed,2026-09-01T12:00:00+00:00,1,,49148,1455,0,47693,47693,1,CAD,CAD,2026-09-03T12:00:00+00:00,0,matched
P000350,CAD,completed,2026-09-01T12:00:00+00:00,1,,61931,1826,12386,47719,47719,1,CAD,CAD,2026-09-03T12:00:00+00:00,0,matched
P000245,CAD,completed,2026-09-01T12:00:00+00:00,1,,61946,1826,12389,47731,47731,1,CAD,CAD,2026-09-03T12:00:00+00:00,0,matched
P000886,CAD,completed,2026-09-01T12:00:00+00:00,1,,49237,1458,0,47779,47779,1,CAD,CAD,2026-09-03T12:00:00+00:00,0,matched
P000164,CAD,completed,2026-09-01T12:00:00+00:00,1,,49434,1464,0,47970,47970,1,CAD,CAD,2026-09-03T12:00:00+00:00,0,matched
P000601,CAD,completed,2026-09-01T12:00:00+00:00,1,,49629,1469,0,48160,48160,1,CAD,CAD,2026-09-03T12:00:00+00:00,0,matched
P000528,CAD,completed,2026-09-01T12:00:00+00:00,1,,50131,1484,0,48647,48647,1,CAD,CAD,2026-09-03T12:00:00+00:00,0,matched
P000691,CAD,completed,2026-09-01T12:00:00+00:00,1,,50308,1489,0,48819,48819,1,CAD,CAD,2026-09-03T12:00:00+00:00,0,matched
P000040,CAD,completed,2026-09-01T12:00:00+00:00,1,,50735,1501,0,49234,49234,1,CAD,CAD,2026-09-03T12:00:00+00:00,0,matched
P000031,CAD,completed,2026-09-01T12:00:00+00:00,1,,50823,1504,0,49319,49319,1,CAD,CAD,2026-09-03T12:00:00+00:00,0,matched
P000650,CAD,completed,2026-09-01T12:00:00+00:00,1,,50925,1507,0,49418,49418,1,CAD,CAD,2026-09-03T12:00:00+00:00,0,matched
P000062,CAD,completed,2026-09-01T12:00:00+00:00,1,,51432,1522,0,49910,49910,1,CAD,CAD,2026-09-03T12:00:00+00:00,0,matched
P000888,CAD,completed,2026-09-01T12:00:00+00:00,1,,51678,1529,0,50149,50149,1,CAD,CAD,2026-09-03T12:00:00+00:00,0,matched
P000903,CAD,completed,2026-09-01T12:00:00+00:00,1,,6551,220,1310,5021,5021,1,CAD,CAD,2026-09-03T12:00:00+00:00,0,matched
P000044,CAD,completed,2026-09-01T12:00:00+00:00,1,,5207,181,0,5026,5026,1,CAD,CAD,2026-09-03T12:00:00+00:00,0,matched
P000600,CAD,completed,2026-09-01T12:00:00+00:00,1,,51940,1536,0,50404,50404,1,CAD,CAD,2026-09-03T12:00:00+00:00,0,matched
P000302,CAD,completed,2026-09-01T12:00:00+00:00,1,,51968,1537,0,50431,50431,1,CAD,CAD,2026-09-03T12:00:00+00:00,0,matched
P000132,CAD,completed,2026-09-01T12:00:00+00:00,1,,52173,1543,0,50630,50630,1,CAD,CAD,2026-09-03T12:00:00+00:00,0,matched
P000859,CAD,completed,2026-09-01T12:00:00+00:00,1,,52177,1543,0,50634,50634,1,CAD,CAD,2026-09-03T12:00:00+00:00,0,matched
P000021,CAD,completed,2026-09-01T12:00:00+00:00,1,,6695,224,1339,5132,5132,1,CAD,CAD,2026-09-03T12:00:00+00:00,0,matched
P000830,CAD,completed,2026-09-01T12:00:00+00:00,1,,52964,1566,0,51398,51398,1,CAD,CAD,2026-09-03T12:00:00+00:00,0,matched
P000921,CAD,completed,2026-09-01T12:00:00+00:00,1,,53171,1572,0,51599,51599,1,CAD,CAD,2026-09-03T12:00:00+00:00,0,matched
P000949,CAD,completed,2026-09-01T12:00:00+00:00,1,,53187,1572,0,51615,51615,1,CAD,CAD,2026-09-03T12:00:00+00:00,0,matched
P000211,CAD,completed,2026-09-01T12:00:00+00:00,1,,53227,1574,0,51653,51653,1,CAD,CAD,2026-09-03T12:00:00+00:00,0,matched
P000657,CAD,completed,2026-09-01T12:00:00+00:00,1,,53262,1575,0,51687,51687,1,CAD,CAD,2026-09-03T12:00:00+00:00,0,matched
P000092,CAD,completed,2026-09-01T12:00:00+00:00,1,,53296,1576,0,51720,51720,1,CAD,CAD,2026-09-03T12:00:00+00:00,0,matched
P000887,CAD,completed,2026-09-01T12:00:00+00:00,1,,53431,1579,0,51852,51852,1,CAD,CAD,2026-09-03T12:00:00+00:00,0,matched
P000161,CAD,completed,2026-09-01T12:00:00+00:00,1,,67307,1982,13461,51864,51864,1,CAD,CAD,2026-09-03T12:00:00+00:00,0,matched
P000565,CAD,completed,2026-09-01T12:00:00+00:00,1,,5373,186,0,5187,5187,1,CAD,CAD,2026-09-03T12:00:00+00:00,0,matched
P000402,CAD,completed,2026-09-01T12:00:00+00:00,1,,53521,1582,0,51939,51939,1,CAD,CAD,2026-09-03T12:00:00+00:00,0,matched
P000045,CAD,completed,2026-09-01T12:00:00+00:00,1,,53581,1584,0,51997,51997,1,CAD,CAD,2026-09-03T12:00:00+00:00,0,matched
P000643,CAD,completed,2026-09-01T12:00:00+00:00,1,,53640,1586,0,52054,52054,1,CAD,CAD,2026-09-03T12:00:00+00:00,0,matched
P000419,CAD,completed,2026-09-01T12:00:00+00:00,1,,54545,1612,0,52933,52933,1,CAD,CAD,2026-09-03T12:00:00+00:00,0,matched
P000776,CAD,completed,2026-09-01T12:00:00+00:00,1,,54578,1613,0,52965,52965,1,CAD,CAD,2026-09-03T12:00:00+00:00,0,matched
P000670,CAD,completed,2026-09-01T12:00:00+00:00,1,,54845,1621,0,53224,53224,1,CAD,CAD,2026-09-03T12:00:00+00:00,0,matched
P000456,CAD,completed,2026-09-01T12:00:00+00:00,1,,54955,1624,0,53331,53331,1,CAD,CAD,2026-09-03T12:00:00+00:00,0,matched
P000973,CAD,completed,2026-09-01T12:00:00+00:00,1,,6958,232,1391,5335,5335,1,CAD,CAD,2026-09-03T12:00:00+00:00,0,matched
P000702,CAD,completed,2026-09-01T12:00:00+00:00,1,,55287,1633,0,53654,53654,1,CAD,CAD,2026-09-03T12:00:00+00:00,0,matched
P000488,CAD,completed,2026-09-01T12:00:00+00:00,1,,55387,1636,0,53751,53751,1,CAD,CAD,2026-09-03T12:00:00+00:00,0,matched
P000482,CAD,completed,2026-09-01T12:00:00+00:00,1,,55459,1638,0,53821,53821,1,CAD,CAD,2026-09-03T12:00:00+00:00,0,matched
P000984,CAD,completed,2026-09-01T12:00:00+00:00,1,,55476,1639,0,53837,53837,1,CAD,CAD,2026-09-03T12:00:00+00:00,0,matched
P000707,CAD,completed,2026-09-01T12:00:00+00:00,1,,70066,2062,14013,53991,53991,1,CAD,CAD,2026-09-03T12:00:00+00:00,0,matched
P000150,CAD,completed,2026-09-01T12:00:00+00:00,1,,55948,1652,0,54296,54296,1,CAD,CAD,2026-09-03T12:00:00+00:00,0,matched
P000134,CAD,completed,2026-09-01T12:00:00+00:00,1,,56444,1667,0,54777,54777,1,CAD,CAD,2026-09-03T12:00:00+00:00,0,matched
P000376,CAD,completed,2026-09-01T12:00:00+00:00,1,,56771,1676,0,55095,55095,1,CAD,CAD,2026-09-03T12:00:00+00:00,0,matched
P000654,CAD,completed,2026-09-01T12:00:00+00:00,1,,57370,1694,0,55676,55676,1,CAD,CAD,2026-09-03T12:00:00+00:00,0,matched
P000440,CAD,completed,2026-09-01T12:00:00+00:00,1,,57626,1701,0,55925,55925,1,CAD,CAD,2026-09-03T12:00:00+00:00,0,matched
P000344,CAD,completed,2026-09-01T12:00:00+00:00,1,,57822,1707,0,56115,56115,1,CAD,CAD,2026-09-03T12:00:00+00:00,0,matched
P000938,CAD,completed,2026-09-01T12:00:00+00:00,1,,73089,2150,14617,56322,56322,1,CAD,CAD,2026-09-03T12:00:00+00:00,0,matched
P000733,CAD,completed,2026-09-01T12:00:00+00:00,1,,58104,1715,0,56389,56389,1,CAD,CAD,2026-09-03T12:00:00+00:00,0,matched
P000093,CAD,completed,2026-09-01T12:00:00+00:00,1,,58422,1724,0,56698,56698,1,CAD,CAD,2026-09-03T12:00:00+00:00,0,matched
P000398,CAD,completed,2026-09-01T12:00:00+00:00,1,,58733,1733,0,57000,57000,1,CAD,CAD,2026-09-03T12:00:00+00:00,0,matched
P000754,CAD,completed,2026-09-01T12:00:00+00:00,1,,58961,1740,0,57221,57221,1,CAD,CAD,2026-09-03T12:00:00+00:00,0,matched
P000809,CAD,completed,2026-09-01T12:00:00+00:00,1,,59222,1747,0,57475,57475,1,CAD,CAD,2026-09-03T12:00:00+00:00,0,matched
P000837,CAD,completed,2026-09-01T12:00:00+00:00,1,,6020,205,0,5815,5815,1,CAD,CAD,2026-09-03T12:00:00+00:00,0,matched
P000954,CAD,completed,2026-09-01T12:00:00+00:00,1,,59979,1769,0,58210,58210,1,CAD,CAD,2026-09-03T12:00:00+00:00,0,matched
P000274,CAD,completed,2026-09-01T12:00:00+00:00,1,,59991,1770,0,58221,58221,1,CAD,CAD,2026-09-03T12:00:00+00:00,0,matched
P000410,CAD,completed,2026-09-01T12:00:00+00:00,1,,60049,1771,0,58278,58278,1,CAD,CAD,2026-09-03T12:00:00+00:00,0,matched
P000032,CAD,completed,2026-09-01T12:00:00+00:00,1,,60429,1782,0,58647,58647,1,CAD,CAD,2026-09-03T12:00:00+00:00,0,matched
P000692,CAD,completed,2026-09-01T12:00:00+00:00,1,,60460,1783,0,58677,58677,1,CAD,CAD,2026-09-03T12:00:00+00:00,0,matched
P000313,CAD,completed,2026-09-01T12:00:00+00:00,1,,60598,1787,0,58811,58811,1,CAD,CAD,2026-09-03T12:00:00+00:00,0,matched
P000583,CAD,completed,2026-09-01T12:00:00+00:00,1,,60609,1788,0,58821,58821,1,CAD,CAD,2026-09-03T12:00:00+00:00,0,matched
P000257,CAD,completed,2026-09-01T12:00:00+00:00,1,,60692,1790,0,58902,58902,1,CAD,CAD,2026-09-03T12:00:00+00:00,0,matched
P000294,CAD,completed,2026-09-01T12:00:00+00:00,1,,76456,2247,15291,58918,58918,1,CAD,CAD,2026-09-03T12:00:00+00:00,0,matched
P000156,CAD,completed,2026-09-01T12:00:00+00:00,1,,60929,1797,0,59132,59132,1,CAD,CAD,2026-09-03T12:00:00+00:00,0,matched
P000538,CAD,completed,2026-09-01T12:00:00+00:00,1,,61236,1806,0,59430,59430,1,CAD,CAD,2026-09-03T12:00:00+00:00,0,matched
P000815,CAD,completed,2026-09-01T12:00:00+00:00,1,,61513,1814,0,59699,59699,1,CAD,CAD,2026-09-03T12:00:00+00:00,0,matched
P000140,CAD,completed,2026-09-01T12:00:00+00:00,1,,77569,2280,15513,59776,59776,1,CAD,CAD,2026-09-03T12:00:00+00:00,0,matched
P000328,CAD,completed,2026-09-01T12:00:00+00:00,1,,61952,1827,0,60125,60125,1,CAD,CAD,2026-09-03T12:00:00+00:00,0,matched
P000540,CAD,completed,2026-09-01T12:00:00+00:00,1,,61981,1827,0,60154,60154,1,CAD,CAD,2026-09-03T12:00:00+00:00,0,matched
P000630,CAD,completed,2026-09-01T12:00:00+00:00,1,,78182,2297,15636,60249,60249,1,CAD,CAD,2026-09-03T12:00:00+00:00,0,matched
P000435,CAD,completed,2026-09-01T12:00:00+00:00,1,,62433,1841,0,60592,60592,1,CAD,CAD,2026-09-03T12:00:00+00:00,0,matched
P000397,CAD,completed,2026-09-01T12:00:00+00:00,1,,62524,1843,0,60681,60681,1,CAD,CAD,2026-09-03T12:00:00+00:00,0,matched
P000063,CAD,completed,2026-09-01T12:00:00+00:00,1,,79104,2324,15820,60960,60960,1,CAD,CAD,2026-09-03T12:00:00+00:00,0,matched
P000375,CAD,completed,2026-09-01T12:00:00+00:00,1,,63031,1858,0,61173,61173,1,CAD,CAD,2026-09-03T12:00:00+00:00,0,matched
P000636,CAD,completed,2026-09-01T12:00:00+00:00,1,,63422,1869,0,61553,61553,1,CAD,CAD,2026-09-03T12:00:00+00:00,0,matched
P000441,CAD,completed,2026-09-01T12:00:00+00:00,1,,80129,2354,16025,61750,61750,1,CAD,CAD,2026-09-03T12:00:00+00:00,0,matched
P000573,CAD,completed,2026-09-01T12:00:00+00:00,1,,64156,1891,0,62265,62265,1,CAD,CAD,2026-09-03T12:00:00+00:00,0,matched
P000392,CAD,completed,2026-09-01T12:00:00+00:00,1,,8146,266,1629,6251,6251,1,CAD,CAD,2026-09-03T12:00:00+00:00,0,matched
P000191,CAD,completed,2026-09-01T12:00:00+00:00,1,,6482,218,0,6264,6264,1,CAD,CAD,2026-09-03T12:00:00+00:00,0,matched
P000128,CAD,completed,2026-09-01T12:00:00+00:00,1,,64653,1905,0,62748,62748,1,CAD,CAD,2026-09-03T12:00:00+00:00,0,matched
P000701,CAD,completed,2026-09-01T12:00:00+00:00,1,,64656,1905,0,62751,62751,1,CAD,CAD,2026-09-03T12:00:00+00:00,0,matched
P000604,CAD,completed,2026-09-01T12:00:00+00:00,1,,65139,1919,0,63220,63220,1,CAD,CAD,2026-09-03T12:00:00+00:00,0,matched
P000645,CAD,completed,2026-09-01T12:00:00+00:00,1,,65260,1923,0,63337,63337,1,CAD,CAD,2026-09-03T12:00:00+00:00,0,matched
P000560,CAD,completed,2026-09-01T12:00:00+00:00,1,,82381,2419,16476,63486,63486,1,CAD,CAD,2026-09-03T12:00:00+00:00,0,matched
P000358,CAD,completed,2026-09-01T12:00:00+00:00,1,,65789,1938,0,63851,63851,1,CAD,CAD,2026-09-03T12:00:00+00:00,0,matched
P000260,CAD,completed,2026-09-01T12:00:00+00:00,1,,65799,1938,0,63861,63861,1,CAD,CAD,2026-09-03T12:00:00+00:00,0,matched
P000715,CAD,completed,2026-09-01T12:00:00+00:00,1,,66193,1950,0,64243,64243,1,CAD,CAD,2026-09-03T12:00:00+00:00,0,matched
P000977,CAD,completed,2026-09-01T12:00:00+00:00,1,,66278,1952,0,64326,64326,1,CAD,CAD,2026-09-03T12:00:00+00:00,0,matched
P000480,CAD,completed,2026-09-01T12:00:00+00:00,1,,66323,1953,0,64370,64370,1,CAD,CAD,2026-09-03T12:00:00+00:00,0,matched
P000925,CAD,completed,2026-09-01T12:00:00+00:00,1,,66410,1956,0,64454,64454,1,CAD,CAD,2026-09-03T12:00:00+00:00,0,matched
P000718,CAD,completed,2026-09-01T12:00:00+00:00,1,,66570,1961,0,64609,64609,1,CAD,CAD,2026-09-03T12:00:00+00:00,0,matched
P000860,CAD,completed,2026-09-01T12:00:00+00:00,1,,6706,224,0,6482,6482,1,CAD,CAD,2026-09-03T12:00:00+00:00,0,matched
P000501,CAD,completed,2026-09-01T12:00:00+00:00,1,,6720,225,0,6495,6495,1,CAD,CAD,2026-09-03T12:00:00+00:00,0,matched
P000807,CAD,completed,2026-09-01T12:00:00+00:00,1,,6726,225,0,6501,6501,1,CAD,CAD,2026-09-03T12:00:00+00:00,0,matched
P000177,CAD,completed,2026-09-01T12:00:00+00:00,1,,67244,1980,0,65264,65264,1,CAD,CAD,2026-09-03T12:00:00+00:00,0,matched
P000232,CAD,completed,2026-09-01T12:00:00+00:00,1,,67469,1987,0,65482,65482,1,CAD,CAD,2026-09-03T12:00:00+00:00,0,matched
P000489,CAD,completed,2026-09-01T12:00:00+00:00,1,,67550,1989,0,65561,65561,1,CAD,CAD,2026-09-03T12:00:00+00:00,0,matched
P000792,CAD,completed,2026-09-01T12:00:00+00:00,1,,67648,1992,0,65656,65656,1,CAD,CAD,2026-09-03T12:00:00+00:00,0,matched
P000481,CAD,completed,2026-09-01T12:00:00+00:00,1,,67698,1993,0,65705,65705,1,CAD,CAD,2026-09-03T12:00:00+00:00,0,matched
P000247,CAD,completed,2026-09-01T12:00:00+00:00,1,,68000,2002,0,65998,65998,1,CAD,CAD,2026-09-03T12:00:00+00:00,0,matched
P000791,CAD,completed,2026-09-01T12:00:00+00:00,1,,85675,2515,17135,66025,66025,1,CAD,CAD,2026-09-03T12:00:00+00:00,0,matched
P000879,CAD,completed,2026-09-01T12:00:00+00:00,1,,68552,2018,0,66534,66534,1,CAD,CAD,2026-09-03T12:00:00+00:00,0,matched
P000447,CAD,completed,2026-09-01T12:00:00+00:00,1,,69021,2032,0,66989,66989,1,CAD,CAD,2026-09-03T12:00:00+00:00,0,matched
P000277,CAD,completed,2026-09-01T12:00:00+00:00,1,,69327,2040,0,67287,67287,1,CAD,CAD,2026-09-03T12:00:00+00:00,0,matched
P000409,CAD,completed,2026-09-01T12:00:00+00:00,1,,69494,2045,0,67449,67449,1,CAD,CAD,2026-09-03T12:00:00+00:00,0,matched
P000857,CAD,completed,2026-09-01T12:00:00+00:00,1,,69614,2049,0,67565,67565,1,CAD,CAD,2026-09-03T12:00:00+00:00,0,matched
P000700,CAD,completed,2026-09-01T12:00:00+00:00,1,,87761,2575,17552,67634,67634,1,CAD,CAD,2026-09-03T12:00:00+00:00,0,matched
P000950,CAD,completed,2026-09-01T12:00:00+00:00,1,,69903,2057,0,67846,67846,1,CAD,CAD,2026-09-03T12:00:00+00:00,0,matched
P000168,CAD,completed,2026-09-01T12:00:00+00:00,1,,88538,2598,17707,68233,68233,1,CAD,CAD,2026-09-03T12:00:00+00:00,0,matched
P000064,CAD,completed,2026-09-01T12:00:00+00:00,1,,70352,2070,0,68282,68282,1,CAD,CAD,2026-09-03T12:00:00+00:00,0,matched
P000920,CAD,completed,2026-09-01T12:00:00+00:00,1,,70397,2072,0,68325,68325,1,CAD,CAD,2026-09-03T12:00:00+00:00,0,matched
P000035,CAD,completed,2026-09-01T12:00:00+00:00,1,,88841,2606,17768,68467,68467,1,CAD,CAD,2026-09-03T12:00:00+00:00,0,matched
P000571,CAD,completed,2026-09-01T12:00:00+00:00,1,,70579,2077,0,68502,68502,1,CAD,CAD,2026-09-03T12:00:00+00:00,0,matched
P000530,CAD,completed,2026-09-01T12:00:00+00:00,1,,70621,2078,0,68543,68543,1,CAD,CAD,2026-09-03T12:00:00+00:00,0,matched
P000252,CAD,completed,2026-09-01T12:00:00+00:00,1,,89184,2616,17836,68732,68732,1,CAD,CAD,2026-09-03T12:00:00+00:00,0,matched
P000494,CAD,completed,2026-09-01T12:00:00+00:00,1,,71592,2106,0,69486,69486,1,CAD,CAD,2026-09-03T12:00:00+00:00,0,matched
P000042,CAD,completed,2026-09-01T12:00:00+00:00,1,,90733,2661,18146,69926,69926,1,CAD,CAD,2026-09-03T12:00:00+00:00,0,matched
P000980,CAD,completed,2026-09-01T12:00:00+00:00,1,,90783,2663,18156,69964,69964,1,CAD,CAD,2026-09-03T12:00:00+00:00,0,matched
P000290,CAD,completed,2026-09-01T12:00:00+00:00,1,,72121,2122,0,69999,69999,1,CAD,CAD,2026-09-03T12:00:00+00:00,0,matched
P000880,CAD,completed,2026-09-01T12:00:00+00:00,1,,72176,2123,0,70053,70053,1,CAD,CAD,2026-09-03T12:00:00+00:00,0,matched
P000166,CAD,completed,2026-09-01T12:00:00+00:00,1,,72200,2124,0,70076,70076,1,CAD,CAD,2026-09-03T12:00:00+00:00,0,matched
P000611,CAD,completed,2026-09-01T12:00:00+00:00,1,,72364,2129,0,70235,70235,1,CAD,CAD,2026-09-03T12:00:00+00:00,0,matched
P000895,CAD,completed,2026-09-01T12:00:00+00:00,1,,72496,2132,0,70364,70364,1,CAD,CAD,2026-09-03T12:00:00+00:00,0,matched
P000420,CAD,completed,2026-09-01T12:00:00+00:00,1,,91357,2679,18271,70407,70407,1,CAD,CAD,2026-09-03T12:00:00+00:00,0,matched
P000184,CAD,completed,2026-09-01T12:00:00+00:00,1,,73309,2156,0,71153,71153,1,CAD,CAD,2026-09-03T12:00:00+00:00,0,matched
P000496,CAD,completed,2026-09-01T12:00:00+00:00,1,,73340,2157,0,71183,71183,1,CAD,CAD,2026-09-03T12:00:00+00:00,0,matched
P000024,CAD,completed,2026-09-01T12:00:00+00:00,1,,73357,2157,0,71200,71200,1,CAD,CAD,2026-09-03T12:00:00+00:00,0,matched
P000014,CAD,completed,2026-09-01T12:00:00+00:00,1,,92506,2713,18501,71292,71292,1,CAD,CAD,2026-09-03T12:00:00+00:00,0,matched
P000579,CAD,completed,2026-09-01T12:00:00+00:00,1,,74048,2177,0,71871,71871,1,CAD,CAD,2026-09-03T12:00:00+00:00,0,matched
P000405,CAD,completed,2026-09-01T12:00:00+00:00,1,,74772,2198,0,72574,72574,1,CAD,CAD,2026-09-03T12:00:00+00:00,0,matched
P000091,CAD,completed,2026-09-01T12:00:00+00:00,1,,94447,2769,18889,72789,72789,1,CAD,CAD,2026-09-03T12:00:00+00:00,0,matched
P000047,CAD,completed,2026-09-01T12:00:00+00:00,1,,75341,2215,0,73126,73126,1,CAD,CAD,2026-09-03T12:00:00+00:00,0,matched
P000175,CAD,completed,2026-09-01T12:00:00+00:00,1,,95058,2787,19011,73260,73260,1,CAD,CAD,2026-09-03T12:00:00+00:00,0,matched
P000259,CAD,completed,2026-09-01T12:00:00+00:00,1,,95155,2789,19031,73335,73335,1,CAD,CAD,2026-09-03T12:00:00+00:00,0,matched
P000356,CAD,completed,2026-09-01T12:00:00+00:00,1,,75691,2225,0,73466,73466,1,CAD,CAD,2026-09-03T12:00:00+00:00,0,matched
P000231,CAD,completed,2026-09-01T12:00:00+00:00,1,,95339,2795,19067,73477,73477,1,CAD,CAD,2026-09-03T12:00:00+00:00,0,matched
P000499,CAD,completed,2026-09-01T12:00:00+00:00,1,,75946,2232,0,73714,73714,1,CAD,CAD,2026-09-03T12:00:00+00:00,0,matched
P000550,CAD,completed,2026-09-01T12:00:00+00:00,1,,75963,2233,0,73730,73730,1,CAD,CAD,2026-09-03T12:00:00+00:00,0,matched
P000975,CAD,completed,2026-09-01T12:00:00+00:00,1,,75991,2234,0,73757,73757,1,CAD,CAD,2026-09-03T12:00:00+00:00,0,matched
P000617,CAD,completed,2026-09-01T12:00:00+00:00,1,,7629,251,0,7378,7378,1,CAD,CAD,2026-09-03T12:00:00+00:00,0,matched
P000724,CAD,completed,2026-09-01T12:00:00+00:00,1,,76156,2239,0,73917,73917,1,CAD,CAD,2026-09-03T12:00:00+00:00,0,matched
P000396,CAD,completed,2026-09-01T12:00:00+00:00,1,,76243,2241,0,74002,74002,1,CAD,CAD,2026-09-03T12:00:00+00:00,0,matched
P000551,CAD,completed,2026-09-01T12:00:00+00:00,1,,76341,2244,0,74097,74097,1,CAD,CAD,2026-09-03T12:00:00+00:00,0,matched
P000244,CAD,completed,2026-09-01T12:00:00+00:00,1,,77019,2264,0,74755,74755,1,CAD,CAD,2026-09-03T12:00:00+00:00,0,matched
P000218,CAD,completed,2026-09-01T12:00:00+00:00,1,,77099,2266,0,74833,74833,1,CAD,CAD,2026-09-03T12:00:00+00:00,0,matched
P000866,CAD,completed,2026-09-01T12:00:00+00:00,1,,77271,2271,0,75000,75000,1,CAD,CAD,2026-09-03T12:00:00+00:00,0,matched
P000054,CAD,completed,2026-09-01T12:00:00+00:00,1,,77484,2277,0,75207,75207,1,CAD,CAD,2026-09-03T12:00:00+00:00,0,matched
P000585,CAD,completed,2026-09-01T12:00:00+00:00,1,,77619,2281,0,75338,75338,1,CAD,CAD,2026-09-03T12:00:00+00:00,0,matched
P000449,CAD,completed,2026-09-01T12:00:00+00:00,1,,77720,2284,0,75436,75436,1,CAD,CAD,2026-09-03T12:00:00+00:00,0,matched
P000668,CAD,completed,2026-09-01T12:00:00+00:00,1,,77869,2288,0,75581,75581,1,CAD,CAD,2026-09-03T12:00:00+00:00,0,matched
P000492,CAD,completed,2026-09-01T12:00:00+00:00,1,,77931,2290,0,75641,75641,1,CAD,CAD,2026-09-03T12:00:00+00:00,0,matched
P000012,CAD,completed,2026-09-01T12:00:00+00:00,1,,78236,2299,0,75937,75937,1,CAD,CAD,2026-09-03T12:00:00+00:00,0,matched
P000005,CAD,completed,2026-09-01T12:00:00+00:00,1,,78397,2304,0,76093,76093,1,USD,USD,2026-09-03T12:00:00+00:00,0,currency_mismatch
P000574,CAD,completed,2026-09-01T12:00:00+00:00,1,,98853,2897,19770,76186,76186,1,CAD,CAD,2026-09-03T12:00:00+00:00,0,matched
P000433,CAD,completed,2026-09-01T12:00:00+00:00,1,,78993,2321,0,76672,76672,1,CAD,CAD,2026-09-03T12:00:00+00:00,0,matched
P000220,CAD,completed,2026-09-01T12:00:00+00:00,1,,79193,2327,0,76866,76866,1,CAD,CAD,2026-09-03T12:00:00+00:00,0,matched
P000803,CAD,completed,2026-09-01T12:00:00+00:00,1,,79282,2329,0,76953,76953,1,CAD,CAD,2026-09-03T12:00:00+00:00,0,matched
P000079,CAD,completed,2026-09-01T12:00:00+00:00,1,,79504,2336,0,77168,77168,1,CAD,CAD,2026-09-03T12:00:00+00:00,0,matched
P000900,CAD,completed,2026-09-01T12:00:00+00:00,1,,79986,2350,0,77636,77636,1,CAD,CAD,2026-09-03T12:00:00+00:00,0,matched
P000556,CAD,completed,2026-09-01T12:00:00+00:00,1,,80482,2364,0,78118,78118,1,CAD,CAD,2026-09-03T12:00:00+00:00,0,matched
P000558,CAD,completed,2026-09-01T12:00:00+00:00,1,,80569,2367,0,78202,78202,1,CAD,CAD,2026-09-03T12:00:00+00:00,0,matched
P000909,CAD,completed,2026-09-01T12:00:00+00:00,1,,80635,2368,0,78267,78267,1,CAD,CAD,2026-09-03T12:00:00+00:00,0,matched
P000682,CAD,completed,2026-09-01T12:00:00+00:00,1,,80822,2374,0,78448,78448,1,CAD,CAD,2026-09-03T12:00:00+00:00,0,matched
P000271,CAD,completed,2026-09-01T12:00:00+00:00,1,,81301,2388,0,78913,78913,1,CAD,CAD,2026-09-03T12:00:00+00:00,0,matched
P000904,CAD,completed,2026-09-01T12:00:00+00:00,1,,81589,2396,0,79193,79193,1,CAD,CAD,2026-09-03T12:00:00+00:00,0,matched
P000762,CAD,completed,2026-09-01T12:00:00+00:00,1,,81610,2397,0,79213,79213,1,CAD,CAD,2026-09-03T12:00:00+00:00,0,matched
P000997,CAD,completed,2026-09-01T12:00:00+00:00,1,,81658,2398,0,79260,79260,1,CAD,CAD,2026-09-03T12:00:00+00:00,0,matched
P000240,CAD,completed,2026-09-01T12:00:00+00:00,1,,81676,2399,0,79277,79277,1,CAD,CAD,2026-09-03T12:00:00+00:00,0,matched
P000349,CAD,completed,2026-09-01T12:00:00+00:00,1,,81728,2400,0,79328,79328,1,CAD,CAD,2026-09-03T12:00:00+00:00,0,matched
P000729,CAD,completed,2026-09-01T12:00:00+00:00,1,,82018,2409,0,79609,79609,1,CAD,CAD,2026-09-03T12:00:00+00:00,0,matched
P000589,CAD,completed,2026-09-01T12:00:00+00:00,1,,82205,2414,0,79791,79791,1,CAD,CAD,2026-09-03T12:00:00+00:00,0,matched
P000466,CAD,completed,2026-09-01T12:00:00+00:00,1,,82609,2426,0,80183,80183,1,CAD,CAD,2026-09-03T12:00:00+00:00,0,matched
P000229,CAD,completed,2026-09-01T12:00:00+00:00,1,,82678,2428,0,80250,80250,1,CAD,CAD,2026-09-03T12:00:00+00:00,0,matched
P000513,CAD,completed,2026-09-01T12:00:00+00:00,1,,82691,2428,0,80263,80263,1,CAD,CAD,2026-09-03T12:00:00+00:00,0,matched
P000075,CAD,completed,2026-09-01T12:00:00+00:00,1,,82959,2436,0,80523,80523,1,CAD,CAD,2026-09-03T12:00:00+00:00,0,matched
P000467,CAD,completed,2026-09-01T12:00:00+00:00,1,,82973,2436,0,80537,80537,1,CAD,CAD,2026-09-03T12:00:00+00:00,0,matched
P000751,CAD,completed,2026-09-01T12:00:00+00:00,1,,83210,2443,0,80767,80767,1,CAD,CAD,2026-09-03T12:00:00+00:00,0,matched
P000025,CAD,completed,2026-09-01T12:00:00+00:00,1,,83397,2449,0,80948,80948,1,CAD,CAD,2026-09-03T12:00:00+00:00,0,matched
P000778,CAD,completed,2026-09-01T12:00:00+00:00,1,,83691,2457,0,81234,81234,1,CAD,CAD,2026-09-03T12:00:00+00:00,0,matched
P000450,CAD,completed,2026-09-01T12:00:00+00:00,1,,84202,2472,0,81730,81730,1,CAD,CAD,2026-09-03T12:00:00+00:00,0,matched
P000592,CAD,completed,2026-09-01T12:00:00+00:00,1,,84283,2474,0,81809,81809,1,CAD,CAD,2026-09-03T12:00:00+00:00,0,matched
P000759,CAD,completed,2026-09-01T12:00:00+00:00,1,,8456,275,0,8181,8181,1,CAD,CAD,2026-09-03T12:00:00+00:00,0,matched
P000345,CAD,completed,2026-09-01T12:00:00+00:00,1,,84307,2475,0,81832,81832,1,CAD,CAD,2026-09-03T12:00:00+00:00,0,matched
P000276,CAD,completed,2026-09-01T12:00:00+00:00,1,,84579,2483,0,82096,82096,1,CAD,CAD,2026-09-03T12:00:00+00:00,0,matched
P000394,CAD,completed,2026-09-01T12:00:00+00:00,1,,84606,2484,0,82122,82122,1,CAD,CAD,2026-09-03T12:00:00+00:00,0,matched
P000537,CAD,completed,2026-09-01T12:00:00+00:00,1,,84611,2484,0,82127,82127,1,CAD,CAD,2026-09-03T12:00:00+00:00,0,matched
P000586,CAD,completed,2026-09-01T12:00:00+00:00,1,,84695,2486,0,82209,82209,1,CAD,CAD,2026-09-03T12:00:00+00:00,0,matched
P000848,CAD,completed,2026-09-01T12:00:00+00:00,1,,84748,2488,0,82260,82260,1,CAD,CAD,2026-09-03T12:00:00+00:00,0,matched
P000820,CAD,completed,2026-09-01T12:00:00+00:00,1,,85040,2496,0,82544,82544,1,CAD,CAD,2026-09-03T12:00:00+00:00,0,matched
P000214,CAD,completed,2026-09-01T12:00:00+00:00,1,,85080,2497,0,82583,82583,1,CAD,CAD,2026-09-03T12:00:00+00:00,0,matched
P000978,CAD,completed,2026-09-01T12:00:00+00:00,1,,85136,2499,0,82637,82637,1,CAD,CAD,2026-09-03T12:00:00+00:00,0,matched
P000789,CAD,completed,2026-09-01T12:00:00+00:00,1,,85343,2505,0,82838,82838,1,CAD,CAD,2026-09-03T12:00:00+00:00,0,matched
P000511,CAD,completed,2026-09-01T12:00:00+00:00,1,,10807,343,2161,8303,8303,1,CAD,CAD,2026-09-03T12:00:00+00:00,0,matched
P000912,CAD,completed,2026-09-01T12:00:00+00:00,1,,85562,2511,0,83051,83051,1,CAD,CAD,2026-09-03T12:00:00+00:00,0,matched
P000369,CAD,completed,2026-09-01T12:00:00+00:00,1,,85659,2514,0,83145,83145,1,CAD,CAD,2026-09-03T12:00:00+00:00,0,matched
P000594,CAD,completed,2026-09-01T12:00:00+00:00,1,,86097,2527,0,83570,83570,1,CAD,CAD,2026-09-03T12:00:00+00:00,0,matched
P000922,CAD,completed,2026-09-01T12:00:00+00:00,1,,86139,2528,0,83611,83611,1,CAD,CAD,2026-09-03T12:00:00+00:00,0,matched
P000786,CAD,completed,2026-09-01T12:00:00+00:00,1,,86990,2553,0,84437,84437,1,CAD,CAD,2026-09-03T12:00:00+00:00,0,matched
P000463,CAD,completed,2026-09-01T12:00:00+00:00,1,,87200,2559,0,84641,84641,1,CAD,CAD,2026-09-03T12:00:00+00:00,0,matched
P000110,CAD,completed,2026-09-01T12:00:00+00:00,1,,87374,2564,0,84810,84810,1,CAD,CAD,2026-09-03T12:00:00+00:00,0,matched
P000898,CAD,completed,2026-09-01T12:00:00+00:00,1,,87628,2571,0,85057,85057,1,CAD,CAD,2026-09-03T12:00:00+00:00,0,matched
P000801,CAD,completed,2026-09-01T12:00:00+00:00,1,,87760,2575,0,85185,85185,1,CAD,CAD,2026-09-03T12:00:00+00:00,0,matched
P000671,CAD,completed,2026-09-01T12:00:00+00:00,1,,88207,2588,0,85619,85619,1,CAD,CAD,2026-09-03T12:00:00+00:00,0,matched
P000280,CAD,completed,2026-09-01T12:00:00+00:00,1,,11155,353,2231,8571,8571,1,CAD,CAD,2026-09-03T12:00:00+00:00,0,matched
P000233,CAD,completed,2026-09-01T12:00:00+00:00,1,,88410,2594,0,85816,85816,1,CAD,CAD,2026-09-03T12:00:00+00:00,0,matched
P000269,CAD,completed,2026-09-01T12:00:00+00:00,1,,88500,2597,0,85903,85903,1,CAD,CAD,2026-09-03T12:00:00+00:00,0,matched
P000936,CAD,completed,2026-09-01T12:00:00+00:00,1,,88535,2598,0,85937,85937,1,CAD,CAD,2026-09-03T12:00:00+00:00,0,matched
P000303,CAD,completed,2026-09-01T12:00:00+00:00,1,,88670,2601,0,86069,86069,1,CAD,CAD,2026-09-03T12:00:00+00:00,0,matched
P000152,CAD,completed,2026-09-01T12:00:00+00:00,1,,88782,2605,0,86177,86177,1,CAD,CAD,2026-09-03T12:00:00+00:00,0,matched
P000155,CAD,completed,2026-09-01T12:00:00+00:00,1,,89039,2612,0,86427,86427,1,CAD,CAD,2026-09-03T12:00:00+00:00,0,matched
P000444,CAD,completed,2026-09-01T12:00:00+00:00,1,,89117,2614,0,86503,86503,1,CAD,CAD,2026-09-03T12:00:00+00:00,0,matched
P000115,CAD,completed,2026-09-01T12:00:00+00:00,1,,8944,289,0,8655,8655,1,CAD,CAD,2026-09-03T12:00:00+00:00,0,matched
P000584,CAD,completed,2026-09-01T12:00:00+00:00,1,,89188,2616,0,86572,86572,1,CAD,CAD,2026-09-03T12:00:00+00:00,0,matched
P000642,CAD,completed,2026-09-01T12:00:00+00:00,1,,8972,290,0,8682,8682,1,CAD,CAD,2026-09-03T12:00:00+00:00,0,matched
P000706,CAD,completed,2026-09-01T12:00:00+00:00,1,,89895,2637,0,87258,87258,1,CAD,CAD,2026-09-03T12:00:00+00:00,0,matched
P000814,CAD,completed,2026-09-01T12:00:00+00:00,1,,89907,2637,0,87270,87270,1,CAD,CAD,2026-09-03T12:00:00+00:00,0,matched
P000916,CAD,completed,2026-09-01T12:00:00+00:00,1,,90006,2640,0,87366,87366,1,CAD,CAD,2026-09-03T12:00:00+00:00,0,matched
P000215,CAD,completed,2026-09-01T12:00:00+00:00,1,,90065,2642,0,87423,87423,1,CAD,CAD,2026-09-03T12:00:00+00:00,0,matched
P000955,CAD,completed,2026-09-01T12:00:00+00:00,1,,90143,2644,0,87499,87499,1,CAD,CAD,2026-09-03T12:00:00+00:00,0,matched
P000060,CAD,completed,2026-09-01T12:00:00+00:00,1,,90192,2646,0,87546,87546,1,CAD,CAD,2026-09-03T12:00:00+00:00,0,matched
P000750,CAD,completed,2026-09-01T12:00:00+00:00,1,,90277,2648,0,87629,87629,1,CAD,CAD,2026-09-03T12:00:00+00:00,0,matched
P000067,CAD,completed,2026-09-01T12:00:00+00:00,1,,90353,2650,0,87703,87703,1,CAD,CAD,2026-09-03T12:00:00+00:00,0,matched
P000870,CAD,completed,2026-09-01T12:00:00+00:00,1,,90742,2662,0,88080,88080,1,CAD,CAD,2026-09-03T12:00:00+00:00,0,matched
P000767,CAD,completed,2026-09-01T12:00:00+00:00,1,,9109,294,0,8815,8815,1,CAD,CAD,2026-09-03T12:00:00+00:00,0,matched
P000610,CAD,completed,2026-09-01T12:00:00+00:00,1,,90873,2665,0,88208,88208,1,CAD,CAD,2026-09-03T12:00:00+00:00,0,matched
P000662,CAD,completed,2026-09-01T12:00:00+00:00,1,,91023,2670,0,88353,88353,1,CAD,CAD,2026-09-03T12:00:00+00:00,0,matched
P000730,CAD,completed,2026-09-01T12:00:00+00:00,1,,91388,2680,0,88708,88708,1,CAD,CAD,2026-09-03T12:00:00+00:00,0,matched
P000606,CAD,completed,2026-09-01T12:00:00+00:00,1,,91476,2683,0,88793,88793,1,CAD,CAD,2026-09-03T12:00:00+00:00,0,matched
P000545,CAD,completed,2026-09-01T12:00:00+00:00,1,,91480,2683,0,88797,88797,1,CAD,CAD,2026-09-03T12:00:00+00:00,0,matched
P000368,CAD,completed,2026-09-01T12:00:00+00:00,1,,91519,2684,0,88835,88835,1,CAD,CAD,2026-09-03T12:00:00+00:00,0,matched
P000890,CAD,completed,2026-09-01T12:00:00+00:00,1,,91710,2690,0,89020,89020,1,CAD,CAD,2026-09-03T12:00:00+00:00,0,matched
P000930,CAD,completed,2026-09-01T12:00:00+00:00,1,,91961,2697,0,89264,89264,1,CAD,CAD,2026-09-03T12:00:00+00:00,0,matched
P000524,CAD,completed,2026-09-01T12:00:00+00:00,1,,91964,2697,0,89267,89267,1,CAD,CAD,2026-09-03T12:00:00+00:00,0,matched
P000871,CAD,completed,2026-09-01T12:00:00+00:00,1,,92146,2702,0,89444,89444,1,CAD,CAD,2026-09-03T12:00:00+00:00,0,matched
P000235,CAD,completed,2026-09-01T12:00:00+00:00,1,,92384,2709,0,89675,89675,1,CAD,CAD,2026-09-03T12:00:00+00:00,0,matched
P000471,CAD,completed,2026-09-01T12:00:00+00:00,1,,92521,2713,0,89808,89808,1,CAD,CAD,2026-09-03T12:00:00+00:00,0,matched
P000854,CAD,completed,2026-09-01T12:00:00+00:00,1,,1205,65,241,899,899,1,CAD,CAD,2026-09-03T12:00:00+00:00,0,matched
P000552,CAD,completed,2026-09-01T12:00:00+00:00,1,,92655,2717,0,89938,89938,1,CAD,CAD,2026-09-03T12:00:00+00:00,0,matched
P000436,CAD,completed,2026-09-01T12:00:00+00:00,1,,92715,2719,0,89996,89996,1,CAD,CAD,2026-09-03T12:00:00+00:00,0,matched
P000593,CAD,completed,2026-09-01T12:00:00+00:00,1,,92891,2724,0,90167,90167,1,CAD,CAD,2026-09-03T12:00:00+00:00,0,matched
P000424,CAD,completed,2026-09-01T12:00:00+00:00,1,,93141,2731,0,90410,90410,1,CAD,CAD,2026-09-03T12:00:00+00:00,0,matched
P000928,CAD,completed,2026-09-01T12:00:00+00:00,1,,93279,2735,0,90544,90544,1,CAD,CAD,2026-09-03T12:00:00+00:00,0,matched
P000503,CAD,completed,2026-09-01T12:00:00+00:00,1,,93435,2740,0,90695,90695,1,CAD,CAD,2026-09-03T12:00:00+00:00,0,matched
P000839,CAD,completed,2026-09-01T12:00:00+00:00,1,,93476,2741,0,90735,90735,1,CAD,CAD,2026-09-03T12:00:00+00:00,0,matched
P000423,CAD,completed,2026-09-01T12:00:00+00:00,1,,93662,2746,0,90916,90916,1,CAD,CAD,2026-09-03T12:00:00+00:00,0,matched
P000772,CAD,completed,2026-09-01T12:00:00+00:00,1,,93749,2749,0,91000,91000,1,CAD,CAD,2026-09-03T12:00:00+00:00,0,matched
P000225,CAD,completed,2026-09-01T12:00:00+00:00,1,,93901,2753,0,91148,91148,1,CAD,CAD,2026-09-03T12:00:00+00:00,0,matched
P000288,CAD,completed,2026-09-01T12:00:00+00:00,1,,9418,303,0,9115,9115,1,CAD,CAD,2026-09-03T12:00:00+00:00,0,matched
P000725,CAD,completed,2026-09-01T12:00:00+00:00,1,,93995,2756,0,91239,91239,1,CAD,CAD,2026-09-03T12:00:00+00:00,0,matched
P000934,CAD,completed,2026-09-01T12:00:00+00:00,1,,94502,2771,0,91731,91731,1,CAD,CAD,2026-09-03T12:00:00+00:00,0,matched
P000835,CAD,completed,2026-09-01T12:00:00+00:00,1,,94677,2776,0,91901,91901,1,CAD,CAD,2026-09-03T12:00:00+00:00,0,matched
P000010,CAD,completed,2026-09-01T12:00:00+00:00,1,,94850,2781,0,92069,92069,1,CAD,CAD,2026-09-03T12:00:00+00:00,0,matched
P000874,CAD,completed,2026-09-01T12:00:00+00:00,1,,94853,2781,0,92072,92072,1,CAD,CAD,2026-09-03T12:00:00+00:00,0,matched
P000308,CAD,completed,2026-09-01T12:00:00+00:00,1,,12003,378,2400,9225,9225,1,CAD,CAD,2026-09-03T12:00:00+00:00,0,matched
P000366,CAD,completed,2026-09-01T12:00:00+00:00,1,,95381,2796,0,92585,92585,1,CAD,CAD,2026-09-03T12:00:00+00:00,0,matched
P000806,CAD,completed,2026-09-01T12:00:00+00:00,1,,95526,2800,0,92726,92726,1,CAD,CAD,2026-09-03T12:00:00+00:00,0,matched
P000072,CAD,completed,2026-09-01T12:00:00+00:00,1,,95646,2804,0,92842,92842,1,CAD,CAD,2026-09-03T12:00:00+00:00,0,matched
P000106,CAD,completed,2026-09-01T12:00:00+00:00,1,,95811,2809,0,93002,93002,1,CAD,CAD,2026-09-03T12:00:00+00:00,0,matched
P000948,CAD,completed,2026-09-01T12:00:00+00:00,1,,9617,309,0,9308,9308,1,CAD,CAD,2026-09-03T12:00:00+00:00,0,matched
P000779,CAD,completed,2026-09-01T12:00:00+00:00,1,,9639,310,0,9329,9329,1,CAD,CAD,2026-09-03T12:00:00+00:00,0,matched
P000491,CAD,completed,2026-09-01T12:00:00+00:00,1,,96164,2819,0,93345,93345,1,CAD,CAD,2026-09-03T12:00:00+00:00,0,matched
P000640,CAD,completed,2026-09-01T12:00:00+00:00,1,,96321,2823,0,93498,93498,1,CAD,CAD,2026-09-03T12:00:00+00:00,0,matched
P000116,CAD,completed,2026-09-01T12:00:00+00:00,1,,96448,2827,0,93621,93621,1,CAD,CAD,2026-09-03T12:00:00+00:00,0,matched
P000351,CAD,completed,2026-09-01T12:00:00+00:00,1,,96817,2838,0,93979,93979,1,CAD,CAD,2026-09-03T12:00:00+00:00,0,matched
P000348,CAD,completed,2026-09-01T12:00:00+00:00,1,,97180,2848,0,94332,94332,1,CAD,CAD,2026-09-03T12:00:00+00:00,0,matched
P000988,CAD,completed,2026-09-01T12:00:00+00:00,1,,97233,2850,0,94383,94383,1,CAD,CAD,2026-09-03T12:00:00+00:00,0,matched
P000201,CAD,completed,2026-09-01T12:00:00+00:00,1,,97542,2859,0,94683,94683,1,CAD,CAD,2026-09-03T12:00:00+00:00,0,matched
P000384,CAD,completed,2026-09-01T12:00:00+00:00,1,,97810,2866,0,94944,94944,1,CAD,CAD,2026-09-03T12:00:00+00:00,0,matched
P000666,CAD,completed,2026-09-01T12:00:00+00:00,1,,98594,2889,0,95705,95705,1,CAD,CAD,2026-09-03T12:00:00+00:00,0,matched
P000502,CAD,completed,2026-09-01T12:00:00+00:00,1,,98609,2890,0,95719,95719,1,CAD,CAD,2026-09-03T12:00:00+00:00,0,matched
P000052,CAD,completed,2026-09-01T12:00:00+00:00,1,,98647,2891,0,95756,95756,1,CAD,CAD,2026-09-03T12:00:00+00:00,0,matched
P000736,CAD,completed,2026-09-01T12:00:00+00:00,1,,98754,2894,0,95860,95860,1,CAD,CAD,2026-09-03T12:00:00+00:00,0,matched
P000053,CAD,completed,2026-09-01T12:00:00+00:00,1,,98912,2898,0,96014,96014,1,CAD,CAD,2026-09-03T12:00:00+00:00,0,matched
P000138,CAD,completed,2026-09-01T12:00:00+00:00,1,,99038,2902,0,96136,96136,1,CAD,CAD,2026-09-03T12:00:00+00:00,0,matched
P000753,CAD,completed,2026-09-01T12:00:00+00:00,1,,9950,319,0,9631,9631,1,CAD,CAD,2026-09-03T12:00:00+00:00,0,matched
P000355,CAD,completed,2026-09-01T12:00:00+00:00,1,,99366,2912,0,96454,96454,1,CAD,CAD,2026-09-03T12:00:00+00:00,0,matched
P000810,CAD,completed,2026-09-01T12:00:00+00:00,1,,99617,2919,0,96698,96698,1,CAD,CAD,2026-09-03T12:00:00+00:00,0,matched
P000297,CAD,completed,2026-09-01T12:00:00+00:00,1,,99759,2923,0,96836,96836,1,CAD,CAD,2026-09-03T12:00:00+00:00,0,matched
P000270,CAD,completed,2026-09-01T12:00:00+00:00,1,,99992,2930,0,97062,97062,1,CAD,CAD,2026-09-03T12:00:00+00:00,0,matched
P000341,CAD,completed,2026-09-01T12:00:00+00:00,1,,10038,321,0,9717,9717,1,CAD,CAD,2026-09-03T12:00:00+00:00,0,matched
P000487,CAD,completed,2026-09-01T12:00:00+00:00,1,,10150,324,0,9826,9826,1,CAD,CAD,2026-09-03T12:00:00+00:00,0,matched
P000228,CAD,completed,2026-09-01T12:00:00+00:00,1,,10171,325,0,9846,9846,1,CAD,CAD,2026-09-03T12:00:00+00:00,0,matched
P000567,CAD,completed,2026-09-01T12:00:00+00:00,1,,12813,402,2562,9849,9849,1,CAD,CAD,2026-09-03T12:00:00+00:00,0,matched
P000006,USD,completed,2026-09-01T12:00:00+00:00,1,,5165,180,5166,-181,4985,1,USD,USD,2026-09-03T12:00:00+00:00,5166,excess_refund
P000425,USD,failed,2026-09-01T12:00:00+00:00,1,,10329,0,0,0,0,0,,,,0,not_applicable
P000646,USD,failed,2026-09-01T12:00:00+00:00,1,,10632,0,0,0,0,0,,,,0,not_applicable
P000595,USD,failed,2026-09-01T12:00:00+00:00,1,,16292,0,0,0,0,0,,,,0,not_applicable
P000714,USD,failed,2026-09-01T12:00:00+00:00,1,,16726,0,0,0,0,0,,,,0,not_applicable
P000867,USD,failed,2026-09-01T12:00:00+00:00,1,,18486,0,0,0,0,0,,,,0,not_applicable
P000051,USD,failed,2026-09-01T12:00:00+00:00,1,,19301,0,0,0,0,0,,,,0,not_applicable
P000697,USD,failed,2026-09-01T12:00:00+00:00,1,,21632,0,0,0,0,0,,,,0,not_applicable
P000833,USD,failed,2026-09-01T12:00:00+00:00,1,,30430,0,0,0,0,0,,,,0,not_applicable
P000323,USD,failed,2026-09-01T12:00:00+00:00,1,,33411,0,0,0,0,0,,,,0,not_applicable
P000391,USD,failed,2026-09-01T12:00:00+00:00,1,,36954,0,0,0,0,0,,,,0,not_applicable
P000799,USD,failed,2026-09-01T12:00:00+00:00,1,,39770,0,0,0,0,0,,,,0,not_applicable
P000136,USD,failed,2026-09-01T12:00:00+00:00,1,,39890,0,0,0,0,0,,,,0,not_applicable
P000442,USD,failed,2026-09-01T12:00:00+00:00,1,,4390,0,0,0,0,0,,,,0,not_applicable
P000357,USD,failed,2026-09-01T12:00:00+00:00,1,,45092,0,0,0,0,0,,,,0,not_applicable
P000017,USD,failed,2026-09-01T12:00:00+00:00,1,,45118,0,0,0,0,0,,,,0,not_applicable
P000986,USD,failed,2026-09-01T12:00:00+00:00,1,,45589,0,0,0,0,0,,,,0,not_applicable
P000034,USD,failed,2026-09-01T12:00:00+00:00,1,,47566,0,0,0,0,0,,,,0,not_applicable
P000629,USD,failed,2026-09-01T12:00:00+00:00,1,,47955,0,0,0,0,0,,,,0,not_applicable
P000510,USD,failed,2026-09-01T12:00:00+00:00,1,,54736,0,0,0,0,0,,,,0,not_applicable
P000918,USD,failed,2026-09-01T12:00:00+00:00,1,,59188,0,0,0,0,0,,,,0,not_applicable
P000459,USD,failed,2026-09-01T12:00:00+00:00,1,,60614,0,0,0,0,0,,,,0,not_applicable
P000850,USD,failed,2026-09-01T12:00:00+00:00,1,,66513,0,0,0,0,0,,,,0,not_applicable
P000255,USD,failed,2026-09-01T12:00:00+00:00,1,,7057,0,0,0,0,0,,,,0,not_applicable
P000680,USD,failed,2026-09-01T12:00:00+00:00,1,,76248,0,0,0,0,0,,,,0,not_applicable
P000969,USD,failed,2026-09-01T12:00:00+00:00,1,,78569,0,0,0,0,0,,,,0,not_applicable
P000408,USD,failed,2026-09-01T12:00:00+00:00,1,,80471,0,0,0,0,0,,,,0,not_applicable
P000306,USD,failed,2026-09-01T12:00:00+00:00,1,,82560,0,0,0,0,0,,,,0,not_applicable
P000000,USD,failed,2026-09-01T12:00:00+00:00,1,,84810,0,0,0,0,0,,,,0,not_applicable
P000561,USD,failed,2026-09-01T12:00:00+00:00,1,,89835,0,0,0,0,0,,,,0,not_applicable
P000187,USD,failed,2026-09-01T12:00:00+00:00,1,,91573,0,0,0,0,0,,,,0,not_applicable
P000204,USD,failed,2026-09-01T12:00:00+00:00,1,,92917,0,0,0,0,0,,,,0,not_applicable
P000782,USD,failed,2026-09-01T12:00:00+00:00,1,,95861,0,0,0,0,0,,,,0,not_applicable
P000663,USD,failed,2026-09-01T12:00:00+00:00,1,,9799,0,0,0,0,0,,,,0,not_applicable
P000431,USD,completed,2026-09-01T12:00:00+00:00,1,,10359,330,0,10029,10029,1,USD,USD,2026-09-03T12:00:00+00:00,0,matched
P000126,USD,completed,2026-09-01T12:00:00+00:00,1,,13224,413,2644,10167,10167,1,USD,USD,2026-09-03T12:00:00+00:00,0,matched
P000007,USD,completed,2026-09-01T12:00:00+00:00,1,,13280,415,2656,10209,10209,1,USD,USD,2026-09-03T12:00:00+00:00,0,matched
P000982,USD,completed,2026-09-01T12:00:00+00:00,1,,10564,336,0,10228,10228,1,USD,USD,2026-09-03T12:00:00+00:00,0,matched
P000160,USD,completed,2026-09-01T12:00:00+00:00,1,,10602,337,0,10265,10265,1,USD,USD,2026-09-03T12:00:00+00:00,0,matched
P000403,USD,completed,2026-09-01T12:00:00+00:00,1,,10710,341,0,10369,10369,1,USD,USD,2026-09-03T12:00:00+00:00,0,matched
P000576,USD,completed,2026-09-01T12:00:00+00:00,1,,10869,345,0,10524,10524,1,USD,USD,2026-09-03T12:00:00+00:00,0,matched
P000335,USD,completed,2026-09-01T12:00:00+00:00,1,,10961,348,0,10613,10613,1,USD,USD,2026-09-03T12:00:00+00:00,0,matched
P000841,USD,completed,2026-09-01T12:00:00+00:00,1,,11384,360,0,11024,11024,1,USD,USD,2026-09-03T12:00:00+00:00,0,matched
P000226,USD,completed,2026-09-01T12:00:00+00:00,1,,1221,65,0,1156,1156,1,USD,USD,2026-09-03T12:00:00+00:00,0,matched
P000664,USD,completed,2026-09-01T12:00:00+00:00,1,,12188,383,0,11805,11805,1,USD,USD,2026-09-03T12:00:00+00:00,0,matched
P000365,USD,completed,2026-09-01T12:00:00+00:00,1,,12221,384,0,11837,11837,1,USD,USD,2026-09-03T12:00:00+00:00,0,matched
P000057,USD,completed,2026-09-01T12:00:00+00:00,1,,12915,405,0,12510,12510,1,USD,USD,2026-09-03T12:00:00+00:00,0,matched
P000615,USD,completed,2026-09-01T12:00:00+00:00,1,,13015,407,0,12608,12608,1,USD,USD,2026-09-03T12:00:00+00:00,0,matched
P000690,USD,completed,2026-09-01T12:00:00+00:00,1,,13026,408,0,12618,12618,1,USD,USD,2026-09-03T12:00:00+00:00,0,matched
P000477,USD,completed,2026-09-01T12:00:00+00:00,1,,13217,413,0,12804,12804,1,USD,USD,2026-09-03T12:00:00+00:00,0,matched
P000251,USD,completed,2026-09-01T12:00:00+00:00,1,,13240,414,0,12826,12826,1,USD,USD,2026-09-03T12:00:00+00:00,0,matched
P000109,USD,completed,2026-09-01T12:00:00+00:00,1,,13363,418,0,12945,12945,1,USD,USD,2026-09-03T12:00:00+00:00,0,matched
P000995,USD,completed,2026-09-01T12:00:00+00:00,1,,13689,427,0,13262,13262,1,USD,USD,2026-09-03T12:00:00+00:00,0,matched
P000959,USD,completed,2026-09-01T12:00:00+00:00,1,,17274,531,3454,13289,13289,1,USD,USD,2026-09-03T12:00:00+00:00,0,matched
P000652,USD,completed,2026-09-01T12:00:00+00:00,1,,13999,436,0,13563,13563,1,USD,USD,2026-09-03T12:00:00+00:00,0,matched
P000686,USD,completed,2026-09-01T12:00:00+00:00,1,,1800,82,360,1358,1358,1,USD,USD,2026-09-03T12:00:00+00:00,0,matched
P000386,USD,completed,2026-09-01T12:00:00+00:00,1,,14176,441,0,13735,13735,1,USD,USD,2026-09-03T12:00:00+00:00,0,matched
P000395,USD,completed,2026-09-01T12:00:00+00:00,1,,14446,449,0,13997,13997,1,USD,USD,2026-09-03T12:00:00+00:00,0,matched
P000732,USD,completed,2026-09-01T12:00:00+00:00,1,,14875,461,0,14414,14414,1,USD,USD,2026-09-03T12:00:00+00:00,0,matched
P000332,USD,completed,2026-09-01T12:00:00+00:00,1,,15168,470,0,14698,14698,1,USD,USD,2026-09-03T12:00:00+00:00,0,matched
P000587,USD,completed,2026-09-01T12:00:00+00:00,1,,15201,471,0,14730,14730,1,USD,USD,2026-09-03T12:00:00+00:00,0,matched
P000117,USD,completed,2026-09-01T12:00:00+00:00,1,,15322,474,0,14848,14848,1,USD,USD,2026-09-03T12:00:00+00:00,0,matched
P000058,USD,completed,2026-09-01T12:00:00+00:00,1,,15371,476,0,14895,14895,1,USD,USD,2026-09-03T12:00:00+00:00,0,matched
P000186,USD,completed,2026-09-01T12:00:00+00:00,1,,15663,484,0,15179,15179,1,USD,USD,2026-09-03T12:00:00+00:00,0,matched
P000401,USD,completed,2026-09-01T12:00:00+00:00,1,,15953,493,0,15460,15460,1,USD,USD,2026-09-03T12:00:00+00:00,0,matched
P000171,USD,completed,2026-09-01T12:00:00+00:00,1,,16129,498,0,15631,15631,1,USD,USD,2026-09-03T12:00:00+00:00,0,matched
P000623,USD,completed,2026-09-01T12:00:00+00:00,1,,20340,620,4068,15652,15652,1,USD,USD,2026-09-03T12:00:00+00:00,0,matched
P000598,USD,completed,2026-09-01T12:00:00+00:00,1,,16220,500,0,15720,15720,1,USD,USD,2026-09-03T12:00:00+00:00,0,matched
P000479,USD,completed,2026-09-01T12:00:00+00:00,1,,16396,505,0,15891,15891,1,USD,USD,2026-09-03T12:00:00+00:00,0,matched
P000380,USD,completed,2026-09-01T12:00:00+00:00,1,,16814,518,0,16296,16296,1,USD,USD,2026-09-03T12:00:00+00:00,0,matched
P000094,USD,completed,2026-09-01T12:00:00+00:00,1,,16860,519,0,16341,16341,1,USD,USD,2026-09-03T12:00:00+00:00,0,matched
P000942,USD,completed,2026-09-01T12:00:00+00:00,1,,16907,520,0,16387,16387,1,USD,USD,2026-09-03T12:00:00+00:00,0,matched
P000472,USD,completed,2026-09-01T12:00:00+00:00,1,,16915,521,0,16394,16394,1,USD,USD,2026-09-03T12:00:00+00:00,0,matched
P000798,USD,completed,2026-09-01T12:00:00+00:00,1,,21308,648,4261,16399,16399,1,USD,USD,2026-09-03T12:00:00+00:00,0,matched
P000846,USD,completed,2026-09-01T12:00:00+00:00,1,,16970,522,0,16448,16448,1,USD,USD,2026-09-03T12:00:00+00:00,0,matched
P000790,USD,completed,2026-09-01T12:00:00+00:00,1,,17750,545,0,17205,17205,1,USD,USD,2026-09-03T12:00:00+00:00,0,matched
P000956,USD,completed,2026-09-01T12:00:00+00:00,1,,17821,547,0,17274,17274,1,USD,USD,2026-09-03T12:00:00+00:00,0,matched
P000787,USD,completed,2026-09-01T12:00:00+00:00,1,,17901,549,0,17352,17352,1,USD,USD,2026-09-03T12:00:00+00:00,0,matched
P000667,USD,completed,2026-09-01T12:00:00+00:00,1,,18054,554,0,17500,17500,1,USD,USD,2026-09-03T12:00:00+00:00,0,matched
P000013,USD,completed,2026-09-01T12:00:00+00:00,1,,1851,84,0,1767,1767,1,USD,USD,2026-09-03T12:00:00+00:00,0,matched
P000628,USD,completed,2026-09-01T12:00:00+00:00,1,,18275,560,0,17715,17715,1,USD,USD,2026-09-03T12:00:00+00:00,0,matched
P000532,USD,completed,2026-09-01T12:00:00+00:00,1,,23280,705,4656,17919,17919,1,USD,USD,2026-09-03T12:00:00+00:00,0,matched
P000873,USD,completed,2026-09-01T12:00:00+00:00,1,,18675,572,0,18103,18103,1,USD,USD,2026-09-03T12:00:00+00:00,0,matched
P000932,USD,completed,2026-09-01T12:00:00+00:00,1,,18790,575,0,18215,18215,1,USD,USD,2026-09-03T12:00:00+00:00,0,matched
P000284,USD,completed,2026-09-01T12:00:00+00:00,1,,19136,585,0,18551,18551,1,USD,USD,2026-09-03T12:00:00+00:00,0,matched
P000099,USD,completed,2026-09-01T12:00:00+00:00,1,,1942,86,0,1856,1856,1,USD,USD,2026-09-03T12:00:00+00:00,0,matched
P000943,USD,completed,2026-09-01T12:00:00+00:00,1,,19202,587,0,18615,18615,1,USD,USD,2026-09-03T12:00:00+00:00,0,matched
P000003,USD,completed,2026-09-01T12:00:00+00:00,1,,19289,589,0,18700,0,0,,,,-18700,missing_settlement
P000805,USD,completed,2026-09-01T12:00:00+00:00,1,,24703,746,4940,19017,19017,1,USD,USD,2026-09-03T12:00:00+00:00,0,matched
P000710,USD,completed,2026-09-01T12:00:00+00:00,1,,2007,88,0,1919,1919,1,USD,USD,2026-09-03T12:00:00+00:00,0,matched
P000399,USD,completed,2026-09-01T12:00:00+00:00,1,,25164,760,5032,19372,19372,1,USD,USD,2026-09-03T12:00:00+00:00,0,matched
P000529,USD,completed,2026-09-01T12:00:00+00:00,1,,20080,612,0,19468,19468,1,USD,USD,2026-09-03T12:00:00+00:00,0,matched
P000836,USD,completed,2026-09-01T12:00:00+00:00,1,,20142,614,0,19528,19528,1,USD,USD,2026-09-03T12:00:00+00:00,0,matched
P000254,USD,completed,2026-09-01T12:00:00+00:00,1,,20313,619,0,19694,19694,1,USD,USD,2026-09-03T12:00:00+00:00,0,matched
P000404,USD,completed,2026-09-01T12:00:00+00:00,1,,20887,636,0,20251,20251,1,USD,USD,2026-09-03T12:00:00+00:00,0,matched
P000804,USD,completed,2026-09-01T12:00:00+00:00,1,,21218,645,0,20573,20573,1,USD,USD,2026-09-03T12:00:00+00:00,0,matched
P000135,USD,completed,2026-09-01T12:00:00+00:00,1,,21289,647,0,20642,20642,1,USD,USD,2026-09-03T12:00:00+00:00,0,matched
P000016,USD,completed,2026-09-01T12:00:00+00:00,1,,21379,650,0,20729,20729,1,USD,USD,2026-09-03T12:00:00+00:00,0,matched
P000418,USD,completed,2026-09-01T12:00:00+00:00,1,,21517,654,0,20863,20863,1,USD,USD,2026-09-03T12:00:00+00:00,0,matched
P000416,USD,completed,2026-09-01T12:00:00+00:00,1,,21585,656,0,20929,20929,1,USD,USD,2026-09-03T12:00:00+00:00,0,matched
P000931,USD,completed,2026-09-01T12:00:00+00:00,1,,27237,820,5447,20970,20970,1,USD,USD,2026-09-03T12:00:00+00:00,0,matched
P000078,USD,completed,2026-09-01T12:00:00+00:00,1,,22174,673,0,21501,21501,1,USD,USD,2026-09-03T12:00:00+00:00,0,matched
P000817,USD,completed,2026-09-01T12:00:00+00:00,1,,22241,675,0,21566,21566,1,USD,USD,2026-09-03T12:00:00+00:00,0,matched
P000738,USD,completed,2026-09-01T12:00:00+00:00,1,,23037,698,0,22339,22339,1,USD,USD,2026-09-03T12:00:00+00:00,0,matched
P000105,USD,completed,2026-09-01T12:00:00+00:00,1,,29080,873,5816,22391,22391,1,USD,USD,2026-09-03T12:00:00+00:00,0,matched
P000417,USD,completed,2026-09-01T12:00:00+00:00,1,,23782,720,0,23062,23062,1,USD,USD,2026-09-03T12:00:00+00:00,0,matched
P000626,USD,completed,2026-09-01T12:00:00+00:00,1,,23871,722,0,23149,23149,1,USD,USD,2026-09-03T12:00:00+00:00,0,matched
P000569,USD,completed,2026-09-01T12:00:00+00:00,1,,24021,727,0,23294,23294,1,USD,USD,2026-09-03T12:00:00+00:00,0,matched
P000716,USD,completed,2026-09-01T12:00:00+00:00,1,,24028,727,0,23301,23301,1,USD,USD,2026-09-03T12:00:00+00:00,0,matched
P000310,USD,completed,2026-09-01T12:00:00+00:00,1,,24819,750,0,24069,24069,1,USD,USD,2026-09-03T12:00:00+00:00,0,matched
P000143,USD,completed,2026-09-01T12:00:00+00:00,1,,25356,765,0,24591,24591,1,USD,USD,2026-09-03T12:00:00+00:00,0,matched
P000856,USD,completed,2026-09-01T12:00:00+00:00,1,,25551,771,0,24780,24780,1,USD,USD,2026-09-03T12:00:00+00:00,0,matched
P000498,USD,completed,2026-09-01T12:00:00+00:00,1,,25727,776,0,24951,24951,1,USD,USD,2026-09-03T12:00:00+00:00,0,matched
P000383,USD,completed,2026-09-01T12:00:00+00:00,1,,26105,787,0,25318,25318,1,USD,USD,2026-09-03T12:00:00+00:00,0,matched
P000118,USD,completed,2026-09-01T12:00:00+00:00,1,,26112,787,0,25325,25325,1,USD,USD,2026-09-03T12:00:00+00:00,0,matched
P000994,USD,completed,2026-09-01T12:00:00+00:00,1,,33495,1001,6699,25795,25795,1,USD,USD,2026-09-03T12:00:00+00:00,0,matched
P000819,USD,completed,2026-09-01T12:00:00+00:00,1,,33768,1009,6753,26006,26006,1,USD,USD,2026-09-03T12:00:00+00:00,0,matched
P000745,USD,completed,2026-09-01T12:00:00+00:00,1,,26856,809,0,26047,26047,1,USD,USD,2026-09-03T12:00:00+00:00,0,matched
P000877,USD,completed,2026-09-01T12:00:00+00:00,1,,27144,817,0,26327,26327,1,USD,USD,2026-09-03T12:00:00+00:00,0,matched
P000224,USD,completed,2026-09-01T12:00:00+00:00,1,,34386,1027,6877,26482,26482,1,USD,USD,2026-09-03T12:00:00+00:00,0,matched
P000876,USD,completed,2026-09-01T12:00:00+00:00,1,,27422,825,0,26597,26597,1,USD,USD,2026-09-03T12:00:00+00:00,0,matched
P000217,USD,completed,2026-09-01T12:00:00+00:00,1,,35237,1052,7047,27138,27138,1,USD,USD,2026-09-03T12:00:00+00:00,0,matched
P000414,USD,completed,2026-09-01T12:00:00+00:00,1,,28235,849,0,27386,27386,1,USD,USD,2026-09-03T12:00:00+00:00,0,matched
P000203,USD,completed,2026-09-01T12:00:00+00:00,1,,35970,1073,7194,27703,27703,1,USD,USD,2026-09-03T12:00:00+00:00,0,matched
P000469,USD,completed,2026-09-01T12:00:00+00:00,1,,36003,1074,7200,27729,27729,1,USD,USD,2026-09-03T12:00:00+00:00,0,matched
P000090,USD,completed,2026-09-01T12:00:00+00:00,1,,28760,864,0,27896,27896,1,USD,USD,2026-09-03T12:00:00+00:00,0,matched
P000703,USD,completed,2026-09-01T12:00:00+00:00,1,,29255,878,0,28377,28377,1,USD,USD,2026-09-03T12:00:00+00:00,0,matched
P000559,USD,completed,2026-09-01T12:00:00+00:00,1,,29705,891,0,28814,28814,1,USD,USD,2026-09-03T12:00:00+00:00,0,matched
P000448,USD,completed,2026-09-01T12:00:00+00:00,1,,37458,1116,7491,28851,28851,1,USD,USD,2026-09-03T12:00:00+00:00,0,matched
P000509,USD,completed,2026-09-01T12:00:00+00:00,1,,3011,117,0,2894,2894,1,USD,USD,2026-09-03T12:00:00+00:00,0,matched
P000677,USD,completed,2026-09-01T12:00:00+00:00,1,,30392,911,0,29481,29481,1,USD,USD,2026-09-03T12:00:00+00:00,0,matched
P000631,USD,completed,2026-09-01T12:00:00+00:00,1,,3068,119,0,2949,2949,1,USD,USD,2026-09-03T12:00:00+00:00,0,matched
P000253,USD,completed,2026-09-01T12:00:00+00:00,1,,30444,913,0,29531,29531,1,USD,USD,2026-09-03T12:00:00+00:00,0,matched
P000095,USD,completed,2026-09-01T12:00:00+00:00,1,,30451,913,0,29538,29538,1,USD,USD,2026-09-03T12:00:00+00:00,0,matched
P000797,USD,completed,2026-09-01T12:00:00+00:00,1,,30693,920,0,29773,29773,1,USD,USD,2026-09-03T12:00:00+00:00,0,matched
P000520,USD,completed,2026-09-01T12:00:00+00:00,1,,30817,924,0,29893,29893,1,USD,USD,2026-09-03T12:00:00+00:00,0,matched
P000209,USD,completed,2026-09-01T12:00:00+00:00,1,,30831,924,0,29907,29907,1,USD,USD,2026-09-03T12:00:00+00:00,0,matched
P000443,USD,completed,2026-09-01T12:00:00+00:00,1,,31005,929,0,30076,30076,1,USD,USD,2026-09-03T12:00:00+00:00,0,matched
P000101,USD,completed,2026-09-01T12:00:00+00:00,1,,31007,929,0,30078,30078,1,USD,USD,2026-09-03T12:00:00+00:00,0,matched
P000008,USD,completed,2026-09-01T12:00:00+00:00,1,,31495,943,0,30552,30552,1,USD,USD,2026-09-03T12:00:00+00:00,0,matched
P000030,USD,completed,2026-09-01T12:00:00+00:00,1,,31512,944,0,30568,30568,1,USD,USD,2026-09-03T12:00:00+00:00,0,matched
P000811,USD,completed,2026-09-01T12:00:00+00:00,1,,31671,948,0,30723,30723,1,USD,USD,2026-09-03T12:00:00+00:00,0,matched
P000599,USD,completed,2026-09-01T12:00:00+00:00,1,,31775,951,0,30824,30824,1,USD,USD,2026-09-03T12:00:00+00:00,0,matched
P000743,USD,completed,2026-09-01T12:00:00+00:00,1,,31968,957,0,31011,31011,1,USD,USD,2026-09-03T12:00:00+00:00,0,matched
P000198,USD,completed,2026-09-01T12:00:00+00:00,1,,32029,959,0,31070,31070,1,USD,USD,2026-09-03T12:00:00+00:00,0,matched
P000325,USD,completed,2026-09-01T12:00:00+00:00,1,,32266,966,0,31300,31300,1,USD,USD,2026-09-03T12:00:00+00:00,0,matched
P000210,USD,completed,2026-09-01T12:00:00+00:00,1,,4101,149,820,3132,3132,1,USD,USD,2026-09-03T12:00:00+00:00,0,matched
P000618,USD,completed,2026-09-01T12:00:00+00:00,1,,32925,985,0,31940,31940,1,USD,USD,2026-09-03T12:00:00+00:00,0,matched
P000261,USD,completed,2026-09-01T12:00:00+00:00,1,,32979,986,0,31993,31993,1,USD,USD,2026-09-03T12:00:00+00:00,0,matched
P000998,USD,completed,2026-09-01T12:00:00+00:00,1,,33541,1003,0,32538,32538,1,USD,USD,2026-09-03T12:00:00+00:00,0,matched
P000923,USD,completed,2026-09-01T12:00:00+00:00,1,,33717,1008,0,32709,32709,1,USD,USD,2026-09-03T12:00:00+00:00,0,matched
P000178,USD,completed,2026-09-01T12:00:00+00:00,1,,33914,1014,0,32900,32900,1,USD,USD,2026-09-03T12:00:00+00:00,0,matched
P000379,USD,completed,2026-09-01T12:00:00+00:00,1,,33951,1015,0,32936,32936,1,USD,USD,2026-09-03T12:00:00+00:00,0,matched
P000316,USD,completed,2026-09-01T12:00:00+00:00,1,,34065,1018,0,33047,33047,1,USD,USD,2026-09-03T12:00:00+00:00,0,matched
P000881,USD,completed,2026-09-01T12:00:00+00:00,1,,34202,1022,0,33180,33180,1,USD,USD,2026-09-03T12:00:00+00:00,0,matched
P000896,USD,completed,2026-09-01T12:00:00+00:00,1,,43101,1280,8620,33201,33201,1,USD,USD,2026-09-03T12:00:00+00:00,0,matched
P000842,USD,completed,2026-09-01T12:00:00+00:00,1,,34544,1032,0,33512,33512,1,USD,USD,2026-09-03T12:00:00+00:00,0,matched
P000728,USD,completed,2026-09-01T12:00:00+00:00,1,,43568,1293,8713,33562,33562,1,USD,USD,2026-09-03T12:00:00+00:00,0,matched
P000924,USD,completed,2026-09-01T12:00:00+00:00,1,,4396,157,879,3360,3360,1,USD,USD,2026-09-03T12:00:00+00:00,0,matched
P000151,USD,completed,2026-09-01T12:00:00+00:00,1,,35179,1050,0,34129,34129,1,USD,USD,2026-09-03T12:00:00+00:00,0,matched
P000426,USD,completed,2026-09-01T12:00:00+00:00,1,,35675,1065,0,34610,34610,1,USD,USD,2026-09-03T12:00:00+00:00,0,matched
P000415,USD,completed,2026-09-01T12:00:00+00:00,1,,35687,1065,0,34622,34622,1,USD,USD,2026-09-03T12:00:00+00:00,0,matched
P000632,USD,completed,2026-09-01T12:00:00+00:00,1,,35782,1068,0,34714,34714,1,USD,USD,2026-09-03T12:00:00+00:00,0,matched
P000430,USD,completed,2026-09-01T12:00:00+00:00,1,,35816,1069,0,34747,34747,1,USD,USD,2026-09-03T12:00:00+00:00,0,matched
P000324,USD,completed,2026-09-01T12:00:00+00:00,1,,3671,136,0,3535,3535,1,USD,USD,2026-09-03T12:00:00+00:00,0,matched
P000885,USD,completed,2026-09-01T12:00:00+00:00,1,,36811,1098,0,35713,35713,1,USD,USD,2026-09-03T12:00:00+00:00,0,matched
P000554,USD,completed,2026-09-01T12:00:00+00:00,1,,36976,1102,0,35874,35874,1,USD,USD,2026-09-03T12:00:00+00:00,0,matched
P000905,USD,completed,2026-09-01T12:00:00+00:00,1,,36986,1103,0,35883,35883,1,USD,USD,2026-09-03T12:00:00+00:00,0,matched
P000755,USD,completed,2026-09-01T12:00:00+00:00,1,,37002,1103,0,35899,35899,1,USD,USD,2026-09-03T12:00:00+00:00,0,matched
P000613,USD,completed,2026-09-01T12:00:00+00:00,1,,37160,1108,0,36052,36052,1,USD,USD,2026-09-03T12:00:00+00:00,0,matched
P000180,USD,completed,2026-09-01T12:00:00+00:00,1,,37265,1111,0,36154,36154,1,USD,USD,2026-09-03T12:00:00+00:00,0,matched
P000624,USD,completed,2026-09-01T12:00:00+00:00,1,,37342,1113,0,36229,36229,1,USD,USD,2026-09-03T12:00:00+00:00,0,matched
P000756,USD,completed,2026-09-01T12:00:00+00:00,1,,47129,1397,9425,36307,36307,1,USD,USD,2026-09-03T12:00:00+00:00,0,matched
P000212,USD,completed,2026-09-01T12:00:00+00:00,1,,37517,1118,0,36399,36399,1,USD,USD,2026-09-03T12:00:00+00:00,0,matched
P000605,USD,completed,2026-09-01T12:00:00+00:00,1,,37666,1122,0,36544,36544,1,USD,USD,2026-09-03T12:00:00+00:00,0,matched
P000525,USD,completed,2026-09-01T12:00:00+00:00,1,,4794,169,958,3667,3667,1,USD,USD,2026-09-03T12:00:00+00:00,0,matched
P000823,USD,completed,2026-09-01T12:00:00+00:00,1,,38363,1143,0,37220,37220,1,USD,USD,2026-09-03T12:00:00+00:00,0,matched
P000637,USD,completed,2026-09-01T12:00:00+00:00,1,,48453,1435,9690,37328,37328,1,USD,USD,2026-09-03T12:00:00+00:00,0,matched
P000557,USD,completed,2026-09-01T12:00:00+00:00,1,,38512,1147,0,37365,37365,1,USD,USD,2026-09-03T12:00:00+00:00,0,matched
P000609,USD,completed,2026-09-01T12:00:00+00:00,1,,48537,1438,9707,37392,37392,1,USD,USD,2026-09-03T12:00:00+00:00,0,matched
P000760,USD,completed,2026-09-01T12:00:00+00:00,1,,38627,1150,0,37477,37477,1,USD,USD,2026-09-03T12:00:00+00:00,0,matched
P000029,USD,completed,2026-09-01T12:00:00+00:00,1,,38930,1159,0,37771,37771,1,USD,USD,2026-09-03T12:00:00+00:00,0,matched
P000726,USD,completed,2026-09-01T12:00:00+00:00,1,,38947,1159,0,37788,37788,1,USD,USD,2026-09-03T12:00:00+00:00,0,matched
P000421,USD,completed,2026-09-01T12:00:00+00:00,1,,39175,1166,0,38009,38009,1,USD,USD,2026-09-03T12:00:00+00:00,0,matched
P000329,USD,completed,2026-09-01T12:00:00+00:00,1,,49351,1461,9870,38020,38020,1,USD,USD,2026-09-03T12:00:00+00:00,0,matched
P000189,USD,completed,2026-09-01T12:00:00+00:00,1,,49393,1462,9878,38053,38053,1,USD,USD,2026-09-03T12:00:00+00:00,0,matched
P000387,USD,completed,2026-09-01T12:00:00+00:00,1,,39829,1185,0,38644,38644,1,USD,USD,2026-09-03T12:00:00+00:00,0,matched
P000939,USD,completed,2026-09-01T12:00:00+00:00,1,,40315,1199,0,39116,39116,1,USD,USD,2026-09-03T12:00:00+00:00,0,matched
P000711,USD,completed,2026-09-01T12:00:00+00:00,1,,40507,1205,0,39302,39302,1,USD,USD,2026-09-03T12:00:00+00:00,0,matched
P000389,USD,completed,2026-09-01T12:00:00+00:00,1,,40618,1208,0,39410,39410,1,USD,USD,2026-09-03T12:00:00+00:00,0,matched
P000960,USD,completed,2026-09-01T12:00:00+00:00,1,,40862,1215,0,39647,39647,1,USD,USD,2026-09-03T12:00:00+00:00,0,matched
P000504,USD,completed,2026-09-01T12:00:00+00:00,1,,51604,1527,10320,39757,39757,1,USD,USD,2026-09-03T12:00:00+00:00,0,matched
P000412,USD,completed,2026-09-01T12:00:00+00:00,1,,41026,1220,0,39806,39806,1,USD,USD,2026-09-03T12:00:00+00:00,0,matched
P000082,USD,completed,2026-09-01T12:00:00+00:00,1,,41306,1228,0,40078,40078,1,USD,USD,2026-09-03T12:00:00+00:00,0,matched
P000794,USD,completed,2026-09-01T12:00:00+00:00,1,,41483,1233,0,40250,40250,1,USD,USD,2026-09-03T12:00:00+00:00,0,matched
P000475,USD,completed,2026-09-01T12:00:00+00:00,1,,41730,1240,0,40490,40490,1,USD,USD,2026-09-03T12:00:00+00:00,0,matched
P000154,USD,completed,2026-09-01T12:00:00+00:00,1,,52876,1563,10575,40738,40738,1,USD,USD,2026-09-03T12:00:00+00:00,0,matched
P000200,USD,completed,2026-09-01T12:00:00+00:00,1,,4248,153,0,4095,4095,1,USD,USD,2026-09-03T12:00:00+00:00,0,matched
P000381,USD,completed,2026-09-01T12:00:00+00:00,1,,42359,1258,0,41101,41101,1,USD,USD,2026-09-03T12:00:00+00:00,0,matched
P000834,USD,completed,2026-09-01T12:00:00+00:00,1,,42770,1270,0,41500,41500,1,USD,USD,2026-09-03T12:00:00+00:00,0,matched
P000991,USD,completed,2026-09-01T12:00:00+00:00,1,,42827,1272,0,41555,41555,1,USD,USD,2026-09-03T12:00:00+00:00,0,matched
P000462,USD,completed,2026-09-01T12:00:00+00:00,1,,53976,1595,10795,41586,41586,1,USD,USD,2026-09-03T12:00:00+00:00,0,matched
P000647,USD,completed,2026-09-01T12:00:00+00:00,1,,43219,1283,0,41936,41936,1,USD,USD,2026-09-03T12:00:00+00:00,0,matched
P000352,USD,completed,2026-09-01T12:00:00+00:00,1,,43245,1284,0,41961,41961,1,USD,USD,2026-09-03T12:00:00+00:00,0,matched
P000461,USD,completed,2026-09-01T12:00:00+00:00,1,,43372,1288,0,42084,42084,1,USD,USD,2026-09-03T12:00:00+00:00,0,matched
P000526,USD,completed,2026-09-01T12:00:00+00:00,1,,43516,1292,0,42224,42224,1,USD,USD,2026-09-03T12:00:00+00:00,0,matched
P000910,USD,completed,2026-09-01T12:00:00+00:00,1,,5561,191,1112,4258,4258,1,USD,USD,2026-09-03T12:00:00+00:00,0,matched
P000312,USD,completed,2026-09-01T12:00:00+00:00,1,,43906,1303,0,42603,42603,1,USD,USD,2026-09-03T12:00:00+00:00,0,matched
P000783,USD,completed,2026-09-01T12:00:00+00:00,1,,44694,1326,0,43368,43368,1,USD,USD,2026-09-03T12:00:00+00:00,0,matched
P000427,USD,completed,2026-09-01T12:00:00+00:00,1,,56723,1675,11344,43704,43704,1,USD,USD,2026-09-03T12:00:00+00:00,0,matched
P000096,USD,completed,2026-09-01T12:00:00+00:00,1,,45313,1344,0,43969,43969,1,USD,USD,2026-09-03T12:00:00+00:00,0,matched
P000665,USD,completed,2026-09-01T12:00:00+00:00,1,,57606,1701,11521,44384,44384,1,USD,USD,2026-09-03T12:00:00+00:00,0,matched
P000216,USD,completed,2026-09-01T12:00:00+00:00,1,,4617,164,0,4453,4453,1,USD,USD,2026-09-03T12:00:00+00:00,0,matched
P000070,USD,completed,2026-09-01T12:00:00+00:00,1,,57985,1712,11597,44676,44676,1,USD,USD,2026-09-03T12:00:00+00:00,0,matched
P000864,USD,completed,2026-09-01T12:00:00+00:00,1,,46193,1370,0,44823,44823,1,USD,USD,2026-09-03T12:00:00+00:00,0,matched
P000721,USD,completed,2026-09-01T12:00:00+00:00,1,,58176,1717,11635,44824,44824,1,USD,USD,2026-09-03T12:00:00+00:00,0,matched
P000826,USD,completed,2026-09-01T12:00:00+00:00,1,,58340,1722,11668,44950,44950,1,USD,USD,2026-09-03T12:00:00+00:00,0,matched
P000434,USD,completed,2026-09-01T12:00:00+00:00,1,,58560,1728,11712,45120,45120,1,USD,USD,2026-09-03T12:00:00+00:00,0,matched
P000828,USD,completed,2026-09-01T12:00:00+00:00,1,,46820,1388,0,45432,45432,1,USD,USD,2026-09-03T12:00:00+00:00,0,matched
P000319,USD,completed,2026-09-01T12:00:00+00:00,1,,46870,1389,0,45481,45481,1,USD,USD,2026-09-03T12:00:00+00:00,0,matched
P000972,USD,completed,2026-09-01T12:00:00+00:00,1,,4718,167,0,4551,4551,1,USD,USD,2026-09-03T12:00:00+00:00,0,matched
P000674,USD,completed,2026-09-01T12:00:00+00:00,1,,47090,1396,0,45694,45694,1,USD,USD,2026-09-03T12:00:00+00:00,0,matched
P000840,USD,completed,2026-09-01T12:00:00+00:00,1,,59799,1764,11959,46076,46076,1,USD,USD,2026-09-03T12:00:00+00:00,0,matched
P000683,USD,completed,2026-09-01T12:00:00+00:00,1,,4794,169,0,4625,4625,1,USD,USD,2026-09-03T12:00:00+00:00,0,matched
P000863,USD,completed,2026-09-01T12:00:00+00:00,1,,47805,1416,0,46389,46389,1,USD,USD,2026-09-03T12:00:00+00:00,0,matched
P000193,USD,completed,2026-09-01T12:00:00+00:00,1,,47898,1419,0,46479,46479,1,USD,USD,2026-09-03T12:00:00+00:00,0,matched
P000388,USD,completed,2026-09-01T12:00:00+00:00,1,,48301,1431,0,46870,46870,1,USD,USD,2026-09-03T12:00:00+00:00,0,matched
P000941,USD,completed,2026-09-01T12:00:00+00:00,1,,48381,1433,0,46948,46948,1,USD,USD,2026-09-03T12:00:00+00:00,0,matched
P000055,USD,completed,2026-09-01T12:00:00+00:00,1,,48447,1435,0,47012,47012,1,USD,USD,2026-09-03T12:00:00+00:00,0,matched
P000907,USD,completed,2026-09-01T12:00:00+00:00,1,,48619,1440,0,47179,47179,1,USD,USD,2026-09-03T12:00:00+00:00,0,matched
P000808,USD,completed,2026-09-01T12:00:00+00:00,1,,48749,1444,0,47305,47305,1,USD,USD,2026-09-03T12:00:00+00:00,0,matched
P000192,USD,completed,2026-09-01T12:00:00+00:00,1,,48795,1445,0,47350,47350,1,USD,USD,2026-09-03T12:00:00+00:00,0,matched
P000763,USD,completed,2026-09-01T12:00:00+00:00,1,,61648,1818,12329,47501,47501,1,USD,USD,2026-09-03T12:00:00+00:00,0,matched
P000990,USD,completed,2026-09-01T12:00:00+00:00,1,,49567,1467,0,48100,48100,1,USD,USD,2026-09-03T12:00:00+00:00,0,matched
P000821,USD,completed,2026-09-01T12:00:00+00:00,1,,49655,1470,0,48185,48185,1,USD,USD,2026-09-03T12:00:00+00:00,0,matched
P000588,USD,completed,2026-09-01T12:00:00+00:00,1,,62797,1851,12559,48387,48387,1,USD,USD,2026-09-03T12:00:00+00:00,0,matched
P000483,USD,completed,2026-09-01T12:00:00+00:00,1,,62894,1854,12578,48462,48462,1,USD,USD,2026-09-03T12:00:00+00:00,0,matched
P000661,USD,completed,2026-09-01T12:00:00+00:00,1,,50060,1482,0,48578,48578,1,USD,USD,2026-09-03T12:00:00+00:00,0,matched
P000908,USD,completed,2026-09-01T12:00:00+00:00,1,,5081,177,0,4904,4904,1,USD,USD,2026-09-03T12:00:00+00:00,0,matched
P000023,USD,completed,2026-09-01T12:00:00+00:00,1,,50615,1498,0,49117,49117,1,USD,USD,2026-09-03T12:00:00+00:00,0,matched
P000131,USD,completed,2026-09-01T12:00:00+00:00,1,,50672,1499,0,49173,49173,1,USD,USD,2026-09-03T12:00:00+00:00,0,matched
P000717,USD,completed,2026-09-01T12:00:00+00:00,1,,50834,1504,0,49330,49330,1,USD,USD,2026-09-03T12:00:00+00:00,0,matched
P000205,USD,completed,2026-09-01T12:00:00+00:00,1,,51140,1513,0,49627,49627,1,USD,USD,2026-09-03T12:00:00+00:00,0,matched
P000485,USD,completed,2026-09-01T12:00:00+00:00,1,,51277,1517,0,49760,49760,1,USD,USD,2026-09-03T12:00:00+00:00,0,matched
P000301,USD,completed,2026-09-01T12:00:00+00:00,1,,64654,1905,12930,49819,49819,1,USD,USD,2026-09-03T12:00:00+00:00,0,matched
P000223,USD,completed,2026-09-01T12:00:00+00:00,1,,51488,1523,0,49965,49965,1,USD,USD,2026-09-03T12:00:00+00:00,0,matched
P000343,USD,completed,2026-09-01T12:00:00+00:00,1,,65251,1922,13050,50279,50279,1,USD,USD,2026-09-03T12:00:00+00:00,0,matched
P000293,USD,completed,2026-09-01T12:00:00+00:00,1,,52049,1539,0,50510,50510,1,USD,USD,2026-09-03T12:00:00+00:00,0,matched
P000307,USD,completed,2026-09-01T12:00:00+00:00,1,,52645,1557,0,51088,51088,1,USD,USD,2026-09-03T12:00:00+00:00,0,matched
P000709,USD,completed,2026-09-01T12:00:00+00:00,1,,52807,1561,0,51246,51246,1,USD,USD,2026-09-03T12:00:00+00:00,0,matched
P000334,USD,completed,2026-09-01T12:00:00+00:00,1,,52990,1567,0,51423,51423,1,USD,USD,2026-09-03T12:00:00+00:00,0,matched
P000989,USD,completed,2026-09-01T12:00:00+00:00,1,,53260,1575,0,51685,51685,1,USD,USD,2026-09-03T12:00:00+00:00,0,matched
P000770,USD,completed,2026-09-01T12:00:00+00:00,1,,67132,1977,13426,51729,51729,1,USD,USD,2026-09-03T12:00:00+00:00,0,matched
P000146,USD,completed,2026-09-01T12:00:00+00:00,1,,53923,1594,0,52329,52329,1,USD,USD,2026-09-03T12:00:00+00:00,0,matched
P000727,USD,completed,2026-09-01T12:00:00+00:00,1,,54088,1599,0,52489,52489,1,USD,USD,2026-09-03T12:00:00+00:00,0,matched
P000241,USD,completed,2026-09-01T12:00:00+00:00,1,,54225,1603,0,52622,52622,1,USD,USD,2026-09-03T12:00:00+00:00,0,matched
P000108,USD,completed,2026-09-01T12:00:00+00:00,1,,54354,1606,0,52748,52748,1,USD,USD,2026-09-03T12:00:00+00:00,0,matched
P000364,USD,completed,2026-09-01T12:00:00+00:00,1,,68715,2023,13743,52949,52949,1,USD,USD,2026-09-03T12:00:00+00:00,0,matched
P000951,USD,completed,2026-09-01T12:00:00+00:00,1,,54665,1615,0,53050,53050,1,USD,USD,2026-09-03T12:00:00+00:00,0,matched
P000202,USD,completed,2026-09-01T12:00:00+00:00,1,,54964,1624,0,53340,53340,1,USD,USD,2026-09-03T12:00:00+00:00,0,matched
P000464,USD,completed,2026-09-01T12:00:00+00:00,1,,55165,1630,0,53535,53535,1,USD,USD,2026-09-03T12:00:00+00:00,0,matched
P000028,USD,completed,2026-09-01T12:00:00+00:00,1,,7006,233,1401,5372,5372,1,USD,USD,2026-09-03T12:00:00+00:00,0,matched
P000603,USD,completed,2026-09-01T12:00:00+00:00,1,,55379,1636,0,53743,53743,1,USD,USD,2026-09-03T12:00:00+00:00,0,matched
P000829,USD,completed,2026-09-01T12:00:00+00:00,1,,55381,1636,0,53745,53745,1,USD,USD,2026-09-03T12:00:00+00:00,0,matched
P000291,USD,completed,2026-09-01T12:00:00+00:00,1,,55496,1639,0,53857,53857,1,USD,USD,2026-09-03T12:00:00+00:00,0,matched
P000298,USD,completed,2026-09-01T12:00:00+00:00,1,,55921,1652,0,54269,54269,1,USD,USD,2026-09-03T12:00:00+00:00,0,matched
P000264,USD,completed,2026-09-01T12:00:00+00:00,1,,56724,1675,0,55049,55049,1,USD,USD,2026-09-03T12:00:00+00:00,0,matched
P000681,USD,completed,2026-09-01T12:00:00+00:00,1,,57244,1690,0,55554,55554,1,USD,USD,2026-09-03T12:00:00+00:00,0,matched
P000190,USD,completed,2026-09-01T12:00:00+00:00,1,,57333,1693,0,55640,55640,1,USD,USD,2026-09-03T12:00:00+00:00,0,matched
P000521,USD,completed,2026-09-01T12:00:00+00:00,1,,57881,1709,0,56172,56172,1,USD,USD,2026-09-03T12:00:00+00:00,0,matched
P000347,USD,completed,2026-09-01T12:00:00+00:00,1,,58080,1714,0,56366,56366,1,USD,USD,2026-09-03T12:00:00+00:00,0,matched
P000222,USD,completed,2026-09-01T12:00:00+00:00,1,,58199,1718,0,56481,56481,1,USD,USD,2026-09-03T12:00:00+00:00,0,matched
P000438,USD,completed,2026-09-01T12:00:00+00:00,1,,58377,1723,0,56654,56654,1,USD,USD,2026-09-03T12:00:00+00:00,0,matched
P000773,USD,completed,2026-09-01T12:00:00+00:00,1,,58595,1729,0,56866,56866,1,USD,USD,2026-09-03T12:00:00+00:00,0,matched
P000246,USD,completed,2026-09-01T12:00:00+00:00,1,,58954,1740,0,57214,57214,1,USD,USD,2026-09-03T12:00:00+00:00,0,matched
P000523,USD,completed,2026-09-01T12:00:00+00:00,1,,59153,1745,0,57408,57408,1,USD,USD,2026-09-03T12:00:00+00:00,0,matched
P000608,USD,completed,2026-09-01T12:00:00+00:00,1,,59287,1749,0,57538,57538,1,USD,USD,2026-09-03T12:00:00+00:00,0,matched
P000370,USD,completed,2026-09-01T12:00:00+00:00,1,,59743,1763,0,57980,57980,1,USD,USD,2026-09-03T12:00:00+00:00,0,matched
P000084,USD,completed,2026-09-01T12:00:00+00:00,1,,75364,2216,15072,58076,58076,1,USD,USD,2026-09-03T12:00:00+00:00,0,matched
P000219,USD,completed,2026-09-01T12:00:00+00:00,1,,6014,204,0,5810,5810,1,USD,USD,2026-09-03T12:00:00+00:00,0,matched
P000825,USD,completed,2026-09-01T12:00:00+00:00,1,,59893,1767,0,58126,58126,1,USD,USD,2026-09-03T12:00:00+00:00,0,matched
P000266,USD,completed,2026-09-01T12:00:00+00:00,1,,7582,250,1516,5816,5816,1,USD,USD,2026-09-03T12:00:00+00:00,0,matched
P000764,USD,completed,2026-09-01T12:00:00+00:00,1,,59947,1768,0,58179,58179,1,USD,USD,2026-09-03T12:00:00+00:00,0,matched
P000147,USD,completed,2026-09-01T12:00:00+00:00,1,,75668,2224,15133,58311,58311,1,USD,USD,2026-09-03T12:00:00+00:00,0,matched
P000354,USD,completed,2026-09-01T12:00:00+00:00,1,,60087,1773,0,58314,58314,1,USD,USD,2026-09-03T12:00:00+00:00,0,matched
P000758,USD,completed,2026-09-01T12:00:00+00:00,1,,60233,1777,0,58456,58456,1,USD,USD,2026-09-03T12:00:00+00:00,0,matched
P000638,USD,completed,2026-09-01T12:00:00+00:00,1,,60245,1777,0,58468,58468,1,USD,USD,2026-09-03T12:00:00+00:00,0,matched
P000933,USD,completed,2026-09-01T12:00:00+00:00,1,,60250,1777,0,58473,58473,1,USD,USD,2026-09-03T12:00:00+00:00,0,matched
P000071,USD,completed,2026-09-01T12:00:00+00:00,1,,60470,1784,0,58686,58686,1,USD,USD,2026-09-03T12:00:00+00:00,0,matched
P000484,USD,completed,2026-09-01T12:00:00+00:00,1,,60871,1795,0,59076,59076,1,USD,USD,2026-09-03T12:00:00+00:00,0,matched
P000771,USD,completed,2026-09-01T12:00:00+00:00,1,,6130,208,0,5922,5922,1,USD,USD,2026-09-03T12:00:00+00:00,0,matched
P000641,USD,completed,2026-09-01T12:00:00+00:00,1,,61036,1800,0,59236,59236,1,USD,USD,2026-09-03T12:00:00+00:00,0,matched
P000722,USD,completed,2026-09-01T12:00:00+00:00,1,,61260,1807,0,59453,59453,1,USD,USD,2026-09-03T12:00:00+00:00,0,matched
P000784,USD,completed,2026-09-01T12:00:00+00:00,1,,77380,2274,15476,59630,59630,1,USD,USD,2026-09-03T12:00:00+00:00,0,matched
P000122,USD,completed,2026-09-01T12:00:00+00:00,1,,61637,1817,0,59820,59820,1,USD,USD,2026-09-03T12:00:00+00:00,0,matched
P000985,USD,completed,2026-09-01T12:00:00+00:00,1,,61875,1824,0,60051,60051,1,USD,USD,2026-09-03T12:00:00+00:00,0,matched
P000602,USD,completed,2026-09-01T12:00:00+00:00,1,,77983,2292,15596,60095,60095,1,USD,USD,2026-09-03T12:00:00+00:00,0,matched
P000098,USD,completed,2026-09-01T12:00:00+00:00,1,,78128,2296,15625,60207,60207,1,USD,USD,2026-09-03T12:00:00+00:00,0,matched
P000992,USD,completed,2026-09-01T12:00:00+00:00,1,,62141,1832,0,60309,60309,1,USD,USD,2026-09-03T12:00:00+00:00,0,matched
P000305,USD,completed,2026-09-01T12:00:00+00:00,1,,62261,1836,0,60425,60425,1,USD,USD,2026-09-03T12:00:00+00:00,0,matched
P000946,USD,completed,2026-09-01T12:00:00+00:00,1,,62263,1836,0,60427,60427,1,USD,USD,2026-09-03T12:00:00+00:00,0,matched
P000317,USD,completed,2026-09-01T12:00:00+00:00,1,,62644,1847,0,60797,60797,1,USD,USD,2026-09-03T12:00:00+00:00,0,matched
P000206,USD,completed,2026-09-01T12:00:00+00:00,1,,62694,1848,0,60846,60846,1,USD,USD,2026-09-03T12:00:00+00:00,0,matched
P000838,USD,completed,2026-09-01T12:00:00+00:00,1,,62925,1855,0,61070,61070,1,USD,USD,2026-09-03T12:00:00+00:00,0,matched
P000326,USD,completed,2026-09-01T12:00:00+00:00,1,,63070,1859,0,61211,61211,1,USD,USD,2026-09-03T12:00:00+00:00,0,matched
P000256,USD,completed,2026-09-01T12:00:00+00:00,1,,63277,1865,0,61412,61412,1,USD,USD,2026-09-03T12:00:00+00:00,0,matched
P000295,USD,completed,2026-09-01T12:00:00+00:00,1,,63518,1872,0,61646,61646,1,USD,USD,2026-09-03T12:00:00+00:00,0,matched
P000413,USD,completed,2026-09-01T12:00:00+00:00,1,,80905,2376,16181,62348,62348,1,USD,USD,2026-09-03T12:00:00+00:00,0,matched
P000979,USD,completed,2026-09-01T12:00:00+00:00,1,,64300,1895,0,62405,62405,1,USD,USD,2026-09-03T12:00:00+00:00,0,matched
P000548,USD,completed,2026-09-01T12:00:00+00:00,1,,64335,1896,0,62439,62439,1,USD,USD,2026-09-03T12:00:00+00:00,0,matched
P000796,USD,completed,2026-09-01T12:00:00+00:00,1,,64736,1907,0,62829,62829,1,USD,USD,2026-09-03T12:00:00+00:00,0,matched
P000299,USD,completed,2026-09-01T12:00:00+00:00,1,,64993,1915,0,63078,63078,1,USD,USD,2026-09-03T12:00:00+00:00,0,matched
P000367,USD,completed,2026-09-01T12:00:00+00:00,1,,65038,1916,0,63122,63122,1,USD,USD,2026-09-03T12:00:00+00:00,0,matched
P000080,USD,completed,2026-09-01T12:00:00+00:00,1,,65042,1916,0,63126,63126,1,USD,USD,2026-09-03T12:00:00+00:00,0,matched
P000518,USD,completed,2026-09-01T12:00:00+00:00,1,,81931,2406,16386,63139,63139,1,USD,USD,2026-09-03T12:00:00+00:00,0,matched
P000944,USD,completed,2026-09-01T12:00:00+00:00,1,,65752,1937,0,63815,63815,1,USD,USD,2026-09-03T12:00:00+00:00,0,matched
P000505,USD,completed,2026-09-01T12:00:00+00:00,1,,65923,1942,0,63981,63981,1,USD,USD,2026-09-03T12:00:00+00:00,0,matched
P000535,USD,completed,2026-09-01T12:00:00+00:00,1,,66230,1951,0,64279,64279,1,USD,USD,2026-09-03T12:00:00+00:00,0,matched
P000073,USD,completed,2026-09-01T12:00:00+00:00,1,,66612,1962,0,64650,64650,1,USD,USD,2026-09-03T12:00:00+00:00,0,matched
P000766,USD,completed,2026-09-01T12:00:00+00:00,1,,66715,1965,0,64750,64750,1,USD,USD,2026-09-03T12:00:00+00:00,0,matched
P000968,USD,completed,2026-09-01T12:00:00+00:00,1,,66873,1969,0,64904,64904,1,USD,USD,2026-09-03T12:00:00+00:00,0,matched
P000141,USD,completed,2026-09-01T12:00:00+00:00,1,,66909,1970,0,64939,64939,1,USD,USD,2026-09-03T12:00:00+00:00,0,matched
P000958,USD,completed,2026-09-01T12:00:00+00:00,1,,66911,1970,0,64941,64941,1,USD,USD,2026-09-03T12:00:00+00:00,0,matched
P000074,USD,completed,2026-09-01T12:00:00+00:00,1,,67542,1989,0,65553,65553,1,USD,USD,2026-09-03T12:00:00+00:00,0,matched
P000800,USD,completed,2026-09-01T12:00:00+00:00,1,,67543,1989,0,65554,65554,1,USD,USD,2026-09-03T12:00:00+00:00,0,matched
P000616,USD,completed,2026-09-01T12:00:00+00:00,1,,85109,2498,17021,65590,65590,1,USD,USD,2026-09-03T12:00:00+00:00,0,matched
P000739,USD,completed,2026-09-01T12:00:00+00:00,1,,67910,1999,0,65911,65911,1,USD,USD,2026-09-03T12:00:00+00:00,0,matched
P000596,USD,completed,2026-09-01T12:00:00+00:00,1,,6943,231,0,6712,6712,1,USD,USD,2026-09-03T12:00:00+00:00,0,matched
P000708,USD,completed,2026-09-01T12:00:00+00:00,1,,6952,232,0,6720,6720,1,USD,USD,2026-09-03T12:00:00+00:00,0,matched
P000734,USD,completed,2026-09-01T12:00:00+00:00,1,,69676,2051,0,67625,67625,1,USD,USD,2026-09-03T12:00:00+00:00,0,matched
P000634,USD,completed,2026-09-01T12:00:00+00:00,1,,69955,2059,0,67896,67896,1,USD,USD,2026-09-03T12:00:00+00:00,0,matched
P000539,USD,completed,2026-09-01T12:00:00+00:00,1,,88404,2594,17680,68130,68130,1,USD,USD,2026-09-03T12:00:00+00:00,0,matched
P000740,USD,completed,2026-09-01T12:00:00+00:00,1,,70547,2076,0,68471,68471,1,USD,USD,2026-09-03T12:00:00+00:00,0,matched
P000038,USD,completed,2026-09-01T12:00:00+00:00,1,,71010,2089,0,68921,68921,1,USD,USD,2026-09-03T12:00:00+00:00,0,matched
P000022,USD,completed,2026-09-01T12:00:00+00:00,1,,71284,2097,0,69187,69187,1,USD,USD,2026-09-03T12:00:00+00:00,0,matched
P000582,USD,completed,2026-09-01T12:00:00+00:00,1,,71329,2099,0,69230,69230,1,USD,USD,2026-09-03T12:00:00+00:00,0,matched
P000777,USD,completed,2026-09-01T12:00:00+00:00,1,,89984,2640,17996,69348,69348,1,USD,USD,2026-09-03T12:00:00+00:00,0,matched
P000283,USD,completed,2026-09-01T12:00:00+00:00,1,,71798,2112,0,69686,69686,1,USD,USD,2026-09-03T12:00:00+00:00,0,matched
P000517,USD,completed,2026-09-01T12:00:00+00:00,1,,71912,2115,0,69797,69797,1,USD,USD,2026-09-03T12:00:00+00:00,0,matched
P000644,USD,completed,2026-09-01T12:00:00+00:00,1,,90928,2667,18185,70076,70076,1,USD,USD,2026-09-03T12:00:00+00:00,0,matched
P000428,USD,completed,2026-09-01T12:00:00+00:00,1,,72376,2129,0,70247,70247,1,USD,USD,2026-09-03T12:00:00+00:00,0,matched
P000188,USD,completed,2026-09-01T12:00:00+00:00,1,,72511,2133,0,70378,70378,1,USD,USD,2026-09-03T12:00:00+00:00,0,matched
P000088,USD,completed,2026-09-01T12:00:00+00:00,1,,73063,2149,0,70914,70914,1,USD,USD,2026-09-03T12:00:00+00:00,0,matched
P000458,USD,completed,2026-09-01T12:00:00+00:00,1,,73102,2150,0,70952,70952,1,USD,USD,2026-09-03T12:00:00+00:00,0,matched
P000124,USD,completed,2026-09-01T12:00:00+00:00,1,,73132,2151,0,70981,70981,1,USD,USD,2026-09-03T12:00:00+00:00,0,matched
P000065,USD,completed,2026-09-01T12:00:00+00:00,1,,73512,2162,0,71350,71350,1,USD,USD,2026-09-03T12:00:00+00:00,0,matched
P000236,USD,completed,2026-09-01T12:00:00+00:00,1,,73667,2166,0,71501,71501,1,USD,USD,2026-09-03T12:00:00+00:00,0,matched
P000363,USD,completed,2026-09-01T12:00:00+00:00,1,,73848,2172,0,71676,71676,1,USD,USD,2026-09-03T12:00:00+00:00,0,matched
P000287,USD,completed,2026-09-01T12:00:00+00:00,1,,93591,2744,18718,72129,72129,1,USD,USD,2026-09-03T12:00:00+00:00,0,matched
P000185,USD,completed,2026-09-01T12:00:00+00:00,1,,74519,2191,0,72328,72328,1,USD,USD,2026-09-03T12:00:00+00:00,0,matched
P000009,USD,completed,2026-09-01T12:00:00+00:00,1,,74563,2192,0,72371,72371,1,USD,USD,2026-09-03T12:00:00+00:00,0,matched
P000926,USD,completed,2026-09-01T12:00:00+00:00,1,,74619,2194,0,72425,72425,1,USD,USD,2026-09-03T12:00:00+00:00,0,matched
P000971,USD,completed,2026-09-01T12:00:00+00:00,1,,74874,2201,0,72673,72673,1,USD,USD,2026-09-03T12:00:00+00:00,0,matched
P000327,USD,completed,2026-09-01T12:00:00+00:00,1,,74920,2203,0,72717,72717,1,USD,USD,2026-09-03T12:00:00+00:00,0,matched
P000619,USD,completed,2026-09-01T12:00:00+00:00,1,,75000,2205,0,72795,72795,1,USD,USD,2026-09-03T12:00:00+00:00,0,matched
P000338,USD,completed,2026-09-01T12:00:00+00:00,1,,75177,2210,0,72967,72967,1,USD,USD,2026-09-03T12:00:00+00:00,0,matched
P000531,USD,completed,2026-09-01T12:00:00+00:00,1,,75177,2210,0,72967,72967,1,USD,USD,2026-09-03T12:00:00+00:00,0,matched
P000555,USD,completed,2026-09-01T12:00:00+00:00,1,,75177,2210,0,72967,72967,1,USD,USD,2026-09-03T12:00:00+00:00,0,matched
P000914,USD,completed,2026-09-01T12:00:00+00:00,1,,75349,2215,0,73134,73134,1,USD,USD,2026-09-03T12:00:00+00:00,0,matched
P000695,USD,completed,2026-09-01T12:00:00+00:00,1,,75395,2216,0,73179,73179,1,USD,USD,2026-09-03T12:00:00+00:00,0,matched
P000672,USD,completed,2026-09-01T12:00:00+00:00,1,,95510,2800,19102,73608,73608,1,USD,USD,2026-09-03T12:00:00+00:00,0,matched
P000125,USD,completed,2026-09-01T12:00:00+00:00,1,,7630,251,0,7379,7379,1,USD,USD,2026-09-03T12:00:00+00:00,0,matched
P000919,USD,completed,2026-09-01T12:00:00+00:00,1,,76225,2241,0,73984,73984,1,USD,USD,2026-09-03T12:00:00+00:00,0,matched
P000742,USD,completed,2026-09-01T12:00:00+00:00,1,,96339,2824,19267,74248,74248,1,USD,USD,2026-09-03T12:00:00+00:00,0,matched
P000445,USD,completed,2026-09-01T12:00:00+00:00,1,,76529,2249,0,74280,74280,1,USD,USD,2026-09-03T12:00:00+00:00,0,matched
P000026,USD,completed,2026-09-01T12:00:00+00:00,1,,76674,2254,0,74420,74420,1,USD,USD,2026-09-03T12:00:00+00:00,0,matched
P000658,USD,completed,2026-09-01T12:00:00+00:00,1,,96631,2832,19326,74473,74473,1,USD,USD,2026-09-03T12:00:00+00:00,0,matched
P000675,USD,completed,2026-09-01T12:00:00+00:00,1,,76748,2256,0,74492,74492,1,USD,USD,2026-09-03T12:00:00+00:00,0,matched
P000148,USD,completed,2026-09-01T12:00:00+00:00,1,,76880,2260,0,74620,74620,1,USD,USD,2026-09-03T12:00:00+00:00,0,matched
P000468,USD,completed,2026-09-01T12:00:00+00:00,1,,7764,255,0,7509,7509,1,USD,USD,2026-09-03T12:00:00+00:00,0,matched
P000621,USD,completed,2026-09-01T12:00:00+00:00,1,,77858,2288,0,75570,75570,1,USD,USD,2026-09-03T12:00:00+00:00,0,matched
P000097,USD,completed,2026-09-01T12:00:00+00:00,1,,78110,2295,0,75815,75815,1,USD,USD,2026-09-03T12:00:00+00:00,0,matched
P000696,USD,completed,2026-09-01T12:00:00+00:00,1,,7895,259,0,7636,7636,1,USD,USD,2026-09-03T12:00:00+00:00,0,matched
P000144,USD,completed,2026-09-01T12:00:00+00:00,1,,78992,2321,0,76671,76671,1,USD,USD,2026-09-03T12:00:00+00:00,0,matched
P000061,USD,completed,2026-09-01T12:00:00+00:00,1,,79172,2326,0,76846,76846,1,USD,USD,2026-09-03T12:00:00+00:00,0,matched
P000882,USD,completed,2026-09-01T12:00:00+00:00,1,,99735,2922,19947,76866,76866,1,USD,USD,2026-09-03T12:00:00+00:00,0,matched
P000322,USD,completed,2026-09-01T12:00:00+00:00,1,,99858,2926,19971,76961,76961,1,USD,USD,2026-09-03T12:00:00+00:00,0,matched
P000439,USD,completed,2026-09-01T12:00:00+00:00,1,,79385,2332,0,77053,77053,1,USD,USD,2026-09-03T12:00:00+00:00,0,matched
P000486,USD,completed,2026-09-01T12:00:00+00:00,1,,79561,2337,0,77224,77224,1,USD,USD,2026-09-03T12:00:00+00:00,0,matched
P000746,USD,completed,2026-09-01T12:00:00+00:00,1,,79957,2349,0,77608,77608,1,USD,USD,2026-09-03T12:00:00+00:00,0,matched
P000894,USD,completed,2026-09-01T12:00:00+00:00,1,,79964,2349,0,77615,77615,1,USD,USD,2026-09-03T12:00:00+00:00,0,matched
P000818,USD,completed,2026-09-01T12:00:00+00:00,1,,80254,2357,0,77897,77897,1,USD,USD,2026-09-03T12:00:00+00:00,0,matched
P000174,USD,completed,2026-09-01T12:00:00+00:00,1,,80276,2358,0,77918,77918,1,USD,USD,2026-09-03T12:00:00+00:00,0,matched
P000915,USD,completed,2026-09-01T12:00:00+00:00,1,,80310,2359,0,77951,77951,1,USD,USD,2026-09-03T12:00:00+00:00,0,matched
P000330,USD,completed,2026-09-01T12:00:00+00:00,1,,80415,2362,0,78053,78053,1,USD,USD,2026-09-03T12:00:00+00:00,0,matched
P000037,USD,completed,2026-09-01T12:00:00+00:00,1,,80840,2374,0,78466,78466,1,USD,USD,2026-09-03T12:00:00+00:00,0,matched
P000590,USD,completed,2026-09-01T12:00:00+00:00,1,,80964,2378,0,78586,78586,1,USD,USD,2026-09-03T12:00:00+00:00,0,matched
P000167,USD,completed,2026-09-01T12:00:00+00:00,1,,81173,2384,0,78789,78789,1,USD,USD,2026-09-03T12:00:00+00:00,0,matched
P000947,USD,completed,2026-09-01T12:00:00+00:00,1,,81209,2385,0,78824,78824,1,USD,USD,2026-09-03T12:00:00+00:00,0,matched
P000967,USD,completed,2026-09-01T12:00:00+00:00,1,,81534,2394,0,79140,79140,1,USD,USD,2026-09-03T12:00:00+00:00,0,matched
P000639,USD,completed,2026-09-01T12:00:00+00:00,1,,81623,2397,0,79226,79226,1,USD,USD,2026-09-03T12:00:00+00:00,0,matched
P000802,USD,completed,2026-09-01T12:00:00+00:00,1,,82006,2408,0,79598,79598,1,USD,USD,2026-09-03T12:00:00+00:00,0,matched
P000976,USD,completed,2026-09-01T12:00:00+00:00,1,,82016,2408,0,79608,79608,1,USD,USD,2026-09-03T12:00:00+00:00,0,matched
P000149,USD,completed,2026-09-01T12:00:00+00:00,1,,82183,2413,0,79770,79770,1,USD,USD,2026-09-03T12:00:00+00:00,0,matched
P000534,USD,completed,2026-09-01T12:00:00+00:00,1,,82226,2415,0,79811,79811,1,USD,USD,2026-09-03T12:00:00+00:00,0,matched
P000197,USD,completed,2026-09-01T12:00:00+00:00,1,,82351,2418,0,79933,79933,1,USD,USD,2026-09-03T12:00:00+00:00,0,matched
P000159,USD,completed,2026-09-01T12:00:00+00:00,1,,82416,2420,0,79996,79996,1,USD,USD,2026-09-03T12:00:00+00:00,0,matched
P000043,USD,completed,2026-09-01T12:00:00+00:00,1,,8331,272,0,8059,8059,1,USD,USD,2026-09-03T12:00:00+00:00,0,matched
P000278,USD,completed,2026-09-01T12:00:00+00:00,1,,83149,2441,0,80708,80708,1,USD,USD,2026-09-03T12:00:00+00:00,0,matched
P000059,USD,completed,2026-09-01T12:00:00+00:00,1,,83240,2444,0,80796,80796,1,USD,USD,2026-09-03T12:00:00+00:00,0,matched
P000563,USD,completed,2026-09-01T12:00:00+00:00,1,,83242,2444,0,80798,80798,1,USD,USD,2026-09-03T12:00:00+00:00,0,matched
P000562,USD,completed,2026-09-01T12:00:00+00:00,1,,83345,2447,0,80898,80898,1,USD,USD,2026-09-03T12:00:00+00:00,0,matched
P000258,USD,completed,2026-09-01T12:00:00+00:00,1,,83544,2453,0,81091,81091,1,USD,USD,2026-09-03T12:00:00+00:00,0,matched
P000473,USD,completed,2026-09-01T12:00:00+00:00,1,,83578,2454,0,81124,81124,1,USD,USD,2026-09-03T12:00:00+00:00,0,matched
P000872,USD,completed,2026-09-01T12:00:00+00:00,1,,83802,2460,0,81342,81342,1,USD,USD,2026-09-03T12:00:00+00:00,0,matched
P000851,USD,completed,2026-09-01T12:00:00+00:00,1,,83831,2461,0,81370,81370,1,USD,USD,2026-09-03T12:00:00+00:00,0,matched
P000522,USD,completed,2026-09-01T12:00:00+00:00,1,,84066,2468,0,81598,81598,1,USD,USD,2026-09-03T12:00:00+00:00,0,matched
P000142,USD,completed,2026-09-01T12:00:00+00:00,1,,8455,275,0,8180,8180,1,USD,USD,2026-09-03T12:00:00+00:00,0,matched
P000139,USD,completed,2026-09-01T12:00:00+00:00,1,,8492,276,0,8216,8216,1,USD,USD,2026-09-03T12:00:00+00:00,0,matched
P000076,USD,completed,2026-09-01T12:00:00+00:00,1,,84748,2488,0,82260,82260,1,USD,USD,2026-09-03T12:00:00+00:00,0,matched
P000041,USD,completed,2026-09-01T12:00:00+00:00,1,,84886,2492,0,82394,82394,1,USD,USD,2026-09-03T12:00:00+00:00,0,matched
P000953,USD,completed,2026-09-01T12:00:00+00:00,1,,85192,2501,0,82691,82691,1,USD,USD,2026-09-03T12:00:00+00:00,0,matched
P000869,USD,completed,2026-09-01T12:00:00+00:00,1,,85252,2502,0,82750,82750,1,USD,USD,2026-09-03T12:00:00+00:00,0,matched
P000761,USD,completed,2026-09-01T12:00:00+00:00,1,,85497,2509,0,82988,82988,1,USD,USD,2026-09-03T12:00:00+00:00,0,matched
P000083,USD,completed,2026-09-01T12:00:00+00:00,1,,8592,279,0,8313,8313,1,USD,USD,2026-09-03T12:00:00+00:00,0,matched
P000429,USD,completed,2026-09-01T12:00:00+00:00,1,,85886,2521,0,83365,83365,1,USD,USD,2026-09-03T12:00:00+00:00,0,matched
P000591,USD,completed,2026-09-01T12:00:00+00:00,1,,85889,2521,0,83368,83368,1,USD,USD,2026-09-03T12:00:00+00:00,0,matched
P000514,USD,completed,2026-09-01T12:00:00+00:00,1,,86175,2529,0,83646,83646,1,USD,USD,2026-09-03T12:00:00+00:00,0,matched
P000320,USD,completed,2026-09-01T12:00:00+00:00,1,,86215,2530,0,83685,83685,1,USD,USD,2026-09-03T12:00:00+00:00,0,matched
P000974,USD,completed,2026-09-01T12:00:00+00:00,1,,86344,2534,0,83810,83810,1,USD,USD,2026-09-03T12:00:00+00:00,0,matched
P000137,USD,completed,2026-09-01T12:00:00+00:00,1,,8665,281,0,8384,8384,1,USD,USD,2026-09-03T12:00:00+00:00,0,matched
P000321,USD,completed,2026-09-01T12:00:00+00:00,1,,86426,2536,0,83890,83890,1,USD,USD,2026-09-03T12:00:00+00:00,0,matched
P000130,USD,completed,2026-09-01T12:00:00+00:00,1,,8685,282,0,8403,8403,1,USD,USD,2026-09-03T12:00:00+00:00,0,matched
P000653,USD,completed,2026-09-01T12:00:00+00:00,1,,86814,2548,0,84266,84266,1,USD,USD,2026-09-03T12:00:00+00:00,0,matched
P000747,USD,completed,2026-09-01T12:00:00+00:00,1,,86918,2551,0,84367,84367,1,USD,USD,2026-09-03T12:00:00+00:00,0,matched
P000262,USD,completed,2026-09-01T12:00:00+00:00,1,,86990,2553,0,84437,84437,1,USD,USD,2026-09-03T12:00:00+00:00,0,matched
P000249,USD,completed,2026-09-01T12:00:00+00:00,1,,87356,2563,0,84793,84793,1,USD,USD,2026-09-03T12:00:00+00:00,0,matched
P000627,USD,completed,2026-09-01T12:00:00+00:00,1,,87646,2572,0,85074,85074,1,USD,USD,2026-09-03T12:00:00+00:00,0,matched
P000169,USD,completed,2026-09-01T12:00:00+00:00,1,,87951,2581,0,85370,85370,1,USD,USD,2026-09-03T12:00:00+00:00,0,matched
P000230,USD,completed,2026-09-01T12:00:00+00:00,1,,87951,2581,0,85370,85370,1,USD,USD,2026-09-03T12:00:00+00:00,0,matched
P000195,USD,completed,2026-09-01T12:00:00+00:00,1,,88416,2594,0,85822,85822,1,USD,USD,2026-09-03T12:00:00+00:00,0,matched
P000669,USD,completed,2026-09-01T12:00:00+00:00,1,,88819,2606,0,86213,86213,1,USD,USD,2026-09-03T12:00:00+00:00,0,matched
P000454,USD,completed,2026-09-01T12:00:00+00:00,1,,88835,2606,0,86229,86229,1,USD,USD,2026-09-03T12:00:00+00:00,0,matched
P000114,USD,completed,2026-09-01T12:00:00+00:00,1,,89259,2619,0,86640,86640,1,USD,USD,2026-09-03T12:00:00+00:00,0,matched
P000698,USD,completed,2026-09-01T12:00:00+00:00,1,,89338,2621,0,86717,86717,1,USD,USD,2026-09-03T12:00:00+00:00,0,matched
P000145,USD,completed,2026-09-01T12:00:00+00:00,1,,89501,2626,0,86875,86875,1,USD,USD,2026-09-03T12:00:00+00:00,0,matched
P000004,USD,completed,2026-09-01T12:00:00+00:00,1,,89696,2631,0,87065,87190,1,USD,USD,2026-09-03T12:00:00+00:00,125,amount_mismatch
P000239,USD,completed,2026-09-01T12:00:00+00:00,1,,89777,2634,0,87143,87143,1,USD,USD,2026-09-03T12:00:00+00:00,0,matched
P000541,USD,completed,2026-09-01T12:00:00+00:00,1,,89815,2635,0,87180,87180,1,USD,USD,2026-09-03T12:00:00+00:00,0,matched
P000066,USD,completed,2026-09-01T12:00:00+00:00,1,,90166,2645,0,87521,87521,1,USD,USD,2026-09-03T12:00:00+00:00,0,matched
P000194,USD,completed,2026-09-01T12:00:00+00:00,1,,90399,2652,0,87747,87747,1,USD,USD,2026-09-03T12:00:00+00:00,0,matched
P000337,USD,completed,2026-09-01T12:00:00+00:00,1,,90687,2660,0,88027,88027,1,USD,USD,2026-09-03T12:00:00+00:00,0,matched
P000373,USD,completed,2026-09-01T12:00:00+00:00,1,,91673,2689,0,88984,88984,1,USD,USD,2026-09-03T12:00:00+00:00,0,matched
P000286,USD,completed,2026-09-01T12:00:00+00:00,1,,91957,2697,0,89260,89260,1,USD,USD,2026-09-03T12:00:00+00:00,0,matched
P000849,USD,completed,2026-09-01T12:00:00+00:00,1,,9232,298,0,8934,8934,1,USD,USD,2026-09-03T12:00:00+00:00,0,matched
P000393,USD,completed,2026-09-01T12:00:00+00:00,1,,92411,2710,0,89701,89701,1,USD,USD,2026-09-03T12:00:00+00:00,0,matched
P000036,USD,completed,2026-09-01T12:00:00+00:00,1,,92988,2727,0,90261,90261,1,USD,USD,2026-09-03T12:00:00+00:00,0,matched
P000027,USD,completed,2026-09-01T12:00:00+00:00,1,,93349,2737,0,90612,90612,1,USD,USD,2026-09-03T12:00:00+00:00,0,matched
P000346,USD,completed,2026-09-01T12:00:00+00:00,1,,93708,2748,0,90960,90960,1,USD,USD,2026-09-03T12:00:00+00:00,0,matched
P000100,USD,completed,2026-09-01T12:00:00+00:00,1,,93778,2750,0,91028,91028,1,USD,USD,2026-09-03T12:00:00+00:00,0,matched
P000390,USD,completed,2026-09-01T12:00:00+00:00,1,,93801,2750,0,91051,91051,1,USD,USD,2026-09-03T12:00:00+00:00,0,matched
P000962,USD,completed,2026-09-01T12:00:00+00:00,1,,93973,2755,0,91218,91218,1,USD,USD,2026-09-03T12:00:00+00:00,0,matched
P000937,USD,completed,2026-09-01T12:00:00+00:00,1,,94000,2756,0,91244,91244,1,USD,USD,2026-09-03T12:00:00+00:00,0,matched
P000474,USD,completed,2026-09-01T12:00:00+00:00,1,,94032,2757,0,91275,91275,1,USD,USD,2026-09-03T12:00:00+00:00,0,matched
P000822,USD,completed,2026-09-01T12:00:00+00:00,1,,94244,2763,0,91481,91481,1,USD,USD,2026-09-03T12:00:00+00:00,0,matched
P000940,USD,completed,2026-09-01T12:00:00+00:00,1,,94298,2765,0,91533,91533,1,USD,USD,2026-09-03T12:00:00+00:00,0,matched
P000769,USD,completed,2026-09-01T12:00:00+00:00,1,,94626,2774,0,91852,91852,1,USD,USD,2026-09-03T12:00:00+00:00,0,matched
P000852,USD,completed,2026-09-01T12:00:00+00:00,1,,95181,2790,0,92391,92391,1,USD,USD,2026-09-03T12:00:00+00:00,0,matched
P000648,USD,completed,2026-09-01T12:00:00+00:00,1,,9609,309,0,9300,9300,1,USD,USD,2026-09-03T12:00:00+00:00,0,matched
P000304,USD,completed,2026-09-01T12:00:00+00:00,1,,95919,2812,0,93107,93107,1,USD,USD,2026-09-03T12:00:00+00:00,0,matched
P000406,USD,completed,2026-09-01T12:00:00+00:00,1,,12164,383,2432,9349,9349,1,USD,USD,2026-09-03T12:00:00+00:00,0,matched
P000046,USD,completed,2026-09-01T12:00:00+00:00,1,,9675,311,0,9364,9364,1,USD,USD,2026-09-03T12:00:00+00:00,0,matched
P000113,USD,completed,2026-09-01T12:00:00+00:00,1,,96561,2830,0,93731,93731,1,USD,USD,2026-09-03T12:00:00+00:00,0,matched
P000566,USD,completed,2026-09-01T12:00:00+00:00,1,,96991,2843,0,94148,94148,1,USD,USD,2026-09-03T12:00:00+00:00,0,matched
P000865,USD,completed,2026-09-01T12:00:00+00:00,1,,97068,2845,0,94223,94223,1,USD,USD,2026-09-03T12:00:00+00:00,0,matched
P000248,USD,completed,2026-09-01T12:00:00+00:00,1,,97463,2856,0,94607,94607,1,USD,USD,2026-09-03T12:00:00+00:00,0,matched
P000911,USD,completed,2026-09-01T12:00:00+00:00,1,,9812,315,0,9497,9497,1,USD,USD,2026-09-03T12:00:00+00:00,0,matched
P000689,USD,completed,2026-09-01T12:00:00+00:00,1,,98120,2875,0,95245,95245,1,USD,USD,2026-09-03T12:00:00+00:00,0,matched
P000720,USD,completed,2026-09-01T12:00:00+00:00,1,,98260,2880,0,95380,95380,1,USD,USD,2026-09-03T12:00:00+00:00,0,matched
P000172,USD,completed,2026-09-01T12:00:00+00:00,1,,98310,2881,0,95429,95429,1,USD,USD,2026-09-03T12:00:00+00:00,0,matched
P000382,USD,completed,2026-09-01T12:00:00+00:00,1,,98370,2883,0,95487,95487,1,USD,USD,2026-09-03T12:00:00+00:00,0,matched
P000858,USD,completed,2026-09-01T12:00:00+00:00,1,,9870,316,0,9554,9554,1,USD,USD,2026-09-03T12:00:00+00:00,0,matched
P000635,USD,completed,2026-09-01T12:00:00+00:00,1,,98735,2893,0,95842,95842,1,USD,USD,2026-09-03T12:00:00+00:00,0,matched
P000862,USD,completed,2026-09-01T12:00:00+00:00,1,,98952,2900,0,96052,96052,1,USD,USD,2026-09-03T12:00:00+00:00,0,matched
P000318,USD,completed,2026-09-01T12:00:00+00:00,1,,99176,2906,0,96270,96270,1,USD,USD,2026-09-03T12:00:00+00:00,0,matched
P000263,USD,completed,2026-09-01T12:00:00+00:00,1,,99430,2913,0,96517,96517,1,USD,USD,2026-09-03T12:00:00+00:00,0,matched
P000275,USD,completed,2026-09-01T12:00:00+00:00,1,,99536,2917,0,96619,96619,1,USD,USD,2026-09-03T12:00:00+00:00,0,matched
P000157,USD,completed,2026-09-01T12:00:00+00:00,1,,99548,2917,0,96631,96631,1,USD,USD,2026-09-03T12:00:00+00:00,0,matched
P000620,USD,completed,2026-09-01T12:00:00+00:00,1,,9992,320,0,9672,9672,1,USD,USD,2026-09-03T12:00:00+00:00,0,matched
P_PENDING,USD,completed,2026-09-09T12:00:00+00:00,0,,10000,320,0,9680,0,0,,,,-9680,pending
P000577,USD,completed,2026-09-01T12:00:00+00:00,1,,99848,2926,0,96922,96922,1,USD,USD,2026-09-03T12:00:00+00:00,0,matched
P000163,USD,completed,2026-09-01T12:00:00+00:00,1,,10016,320,0,9696,9696,1,USD,USD,2026-09-03T12:00:00+00:00,0,matched
P000086,USD,completed,2026-09-01T12:00:00+00:00,1,,10071,322,0,9749,9749,1,USD,USD,2026-09-03T12:00:00+00:00,0,matched
P000688,USD,completed,2026-09-01T12:00:00+00:00,1,,10120,323,0,9797,9797,1,USD,USD,2026-09-03T12:00:00+00:00,0,matched
P000103,USD,completed,2026-09-01T12:00:00+00:00,1,,10287,328,0,9959,9959,1,USD,USD,2026-09-03T12:00:00+00:00,0,matched
